runner_id,player_name,season,SB,CS,real_sb_attempts,real_sb_pct,expected_sb_pct,sb_residual,sprint_speed
457705,"McCutchen, Andrew",2023,11,3,14,0.786330018696537,0.7923225492882051,-0.005992530591668155,28.4
462101,"Andrus, Elvis",2023,12,4,16,0.7590604931063906,0.78329563007585,-0.024235136969459448,26.5
500743,"Rojas, Miguel",2023,8,3,11,0.7462668972021377,0.7836824925261587,-0.037415595324021056,26.4
500743,"Rojas, Miguel",2024,8,2,10,0.7960180236822801,0.7878137904971307,0.008204233185149401,25.8
502054,"Pham, Tommy",2023,22,3,25,0.8646756785078068,0.7861102857213527,0.07856539278645414,27.8
502054,"Pham, Tommy",2024,7,3,10,0.7293513570156135,0.7830010906158473,-0.05364973360023384,27.2
502671,"Goldschmidt, Paul",2023,11,2,13,0.8300150197352335,0.7836824925261587,0.04633252720907477,26.4
502671,"Goldschmidt, Paul",2024,11,0,11,0.9337668972021377,0.7841555513226162,0.14961134587952152,26.3
514888,"Altuve, Jose",2023,14,2,16,0.8542985883444859,0.7826101437361004,0.07168844460838553,26.9
514888,"Altuve, Jose",2024,22,7,29,0.7629491280951237,0.7827845786431165,-0.01983545054799274,27.1
514888,"Altuve, Jose",2025,10,6,16,0.6638223978682953,0.7826101437361004,-0.11878774586780505,26.9
516782,"Marte, Starling",2023,24,4,28,0.8466748592495213,0.7827845786431165,0.06389028060640489,27.1
516782,"Marte, Starling",2024,16,1,17,0.9063759252379184,0.7827845786431165,0.12359134659480198,27.1
518692,"Freeman, Freddie",2023,23,1,24,0.9289748398356622,0.7827804942136782,0.14619434562198397,26.7
518692,"Freeman, Freddie",2024,9,2,11,0.8087668972021377,0.7878137904971307,0.02095310670500694,25.8
542932,"Berti, Jon",2023,16,6,22,0.7385285316753409,0.8074591980035097,-0.0689306663281688,29.3
542932,"Berti, Jon",2025,11,3,14,0.786330018696537,0.7910716811616916,-0.004741662465154617,28.3
543760,"Semien, Marcus",2023,14,3,17,0.8154668343288275,0.7965923317446366,0.018874502584190878,28.7
543760,"Semien, Marcus",2024,8,3,11,0.7462668972021377,0.7936596137608669,-0.04739271655872923,28.5
543760,"Semien, Marcus",2025,11,1,12,0.8788394326608354,0.7936596137608669,0.0851798188999685,28.5
543807,"Springer, George",2023,20,5,25,0.7980090118411401,0.7861102857213527,0.011898726119787484,27.8
543807,"Springer, George",2024,16,1,17,0.9063759252379184,0.7888285339471106,0.11754739129080782,28.1
543807,"Springer, George",2025,18,1,19,0.9141779314680919,0.7878362548590427,0.12634167660904916,28.0
545121,"Vargas, Ildemaro",2024,9,4,13,0.7189039086241223,0.7827804942136782,-0.06387658558955589,26.7
547180,"Harper, Bryce",2023,11,3,14,0.786330018696537,0.7847291019682565,0.0016009167282804437,27.6
547180,"Harper, Bryce",2024,7,4,11,0.6837668972021377,0.7836927035997552,-0.0999258063976175,27.4
547180,"Harper, Bryce",2025,12,2,14,0.8389615976439054,0.7826542630165338,0.056307334627371586,27.0
572191,"Taylor, Michael A.",2023,13,1,14,0.8915931765912739,0.7965923317446366,0.09500084484663729,28.7
572191,"Taylor, Michael A.",2024,12,1,13,0.8855705752907891,0.7936596137608669,0.09191096152992217,28.5
572191,"Taylor, Michael A.",2025,8,3,11,0.7462668972021377,0.7861102857213527,-0.039843388519214984,27.8
572233,"Walker, Christian",2023,11,0,11,0.9337668972021377,0.7836824925261587,0.15008440467597894,26.4
592192,"Canha, Mark",2023,11,1,12,0.8788394326608354,0.7861102857213527,0.09272914693948275,27.8
592206,"Castellanos, Nick",2023,11,2,13,0.8300150197352335,0.7830010906158473,0.04701392911938618,27.2
592450,"Judge, Aaron",2024,10,0,10,0.9293513570156136,0.7826522208018147,0.14669913621379882,26.8
592450,"Judge, Aaron",2025,12,5,17,0.7245577434197364,0.7827845786431165,-0.058226835223380013,27.1
592518,"Machado, Manny",2024,11,2,13,0.8300150197352335,0.7878137904971307,0.042201229238102766,25.8
592518,"Machado, Manny",2025,14,3,17,0.8154668343288275,0.7878137904971307,0.027653043831696755,25.8
592626,"Pederson, Joc",2024,7,4,11,0.6837668972021377,0.7910430901556222,-0.10727619295348456,25.5
592663,"Realmuto, J.T.",2023,16,5,21,0.7669334752013156,0.7950828745796774,-0.028149399378361806,28.6
592663,"Realmuto, J.T.",2025,8,2,10,0.7960180236822801,0.7923225492882051,0.0036954743940750268,28.4
592696,"Rosario, Eddie",2024,9,1,10,0.8626846903489469,0.7833037989347269,0.07938089141422,27.3
592885,"Yelich, Christian",2023,28,3,31,0.887229732089839,0.7888285339471106,0.09840119814272841,28.1
592885,"Yelich, Christian",2024,21,1,22,0.9237137168605261,0.7936596137608669,0.13005410309965915,28.5
592885,"Yelich, Christian",2025,16,6,22,0.7385285316753409,0.7899070093813263,-0.05137847770598536,28.2
593160,"Merrifield, Whit",2023,26,10,36,0.730250496469127,0.7981879852557436,-0.06793748878661665,28.8
593160,"Merrifield, Whit",2024,17,3,20,0.8376108142093682,0.8016378813164047,0.03597293289296355,29.0
593428,"Bogaerts, Xander",2023,19,2,21,0.8823180905859309,0.7847291019682565,0.0975889886176744,27.6
593428,"Bogaerts, Xander",2024,13,3,16,0.8066795407254383,0.7836927035997552,0.02298683712568317,27.4
593428,"Bogaerts, Xander",2025,20,2,22,0.8866766798234891,0.7847291019682565,0.10194757785523256,27.6
595281,"Kiermaier, Kevin",2023,14,1,15,0.8970135177617102,0.7981879852557436,0.0988255325059666,28.8
595777,"Profar, Jurickson",2024,10,3,13,0.7744594641796779,0.78329563007585,-0.008836165896172088,26.5
595777,"Profar, Jurickson",2025,9,2,11,0.8087668972021377,0.7841555513226162,0.024611345879521518,26.3
595879,"Báez, Javier",2023,12,0,12,0.9376629620726001,0.7888285339471106,0.14883442812548953,28.1
596019,"Lindor, Francisco",2023,31,4,35,0.8735067588808552,0.7888285339471106,0.08467822493374455,28.1
596019,"Lindor, Francisco",2024,29,4,33,0.8668492198745843,0.7847291019682565,0.08212011790632778,27.6
596019,"Lindor, Francisco",2025,31,6,37,0.8319111989341478,0.7836927035997552,0.0482184953343926,27.4
596115,"Story, Trevor",2023,10,3,13,0.7744594641796779,0.7981879852557436,-0.02372852107606571,28.8
596115,"Story, Trevor",2025,31,1,32,0.944331631222546,0.7950828745796774,0.14924875664286863,28.6
605141,"Betts, Mookie",2023,14,3,17,0.8154668343288275,0.7830010906158473,0.032465743712980166,27.2
605141,"Betts, Mookie",2024,16,2,18,0.8669682763145307,0.7827804942136782,0.08418778210085243,26.7
605141,"Betts, Mookie",2025,8,2,10,0.7960180236822801,0.7826101437361004,0.013407879946179757,26.9
606132,"Tapia, Raimel",2023,10,2,12,0.8200159032490708,0.7965923317446366,0.023423571504434193,28.7
606192,"Hernández, Teoscar",2024,12,3,15,0.7970135177617101,0.7950828745796774,0.0019306431820327319,28.6
606466,"Marte, Ketel",2023,8,2,10,0.7960180236822801,0.78537659567173,0.010641428010550125,27.7
607043,"Nimmo, Brandon",2024,15,0,15,0.9470135177617103,0.7878362548590427,0.15917726290266754,28.0
607043,"Nimmo, Brandon",2025,13,1,14,0.8915931765912739,0.7833037989347269,0.108289377656547,27.3
607054,"Peterson, Jace",2023,15,2,17,0.8609213797833729,0.7878362548590427,0.07308512492433017,28.0
607208,"Turner, Trea",2023,30,0,30,0.9697220101495487,0.8324663494601818,0.1372556606893669,30.3
607208,"Turner, Trea",2024,19,4,23,0.819295369829793,0.8140562818059518,0.00523908802384121,29.6
607208,"Turner, Trea",2025,36,7,43,0.8320889657340459,0.8324663494601818,-0.00037738372613593807,30.3
607208,"Turner, Trea",2026,11,1,12,0.8788394326608354,0.824059142388621,0.05478029027221443,30.0
607680,"Pillar, Kevin",2024,12,3,15,0.7970135177617101,0.7923225492882051,0.0046909684735050305,28.4
608070,"Ramírez, José",2023,28,6,34,0.8189812911598514,0.7861102857213527,0.032871005438498746,27.8
608070,"Ramírez, José",2024,41,7,48,0.8479296293440416,0.7899070093813263,0.058022619962715294,28.2
608070,"Ramírez, José",2025,44,7,51,0.856076256343468,0.7923225492882051,0.06375370705526284,28.4
608070,"Ramírez, José",2026,20,2,22,0.8866766798234891,0.7833037989347269,0.10337288088876218,27.3
608385,"Winker, Jesse",2024,14,4,18,0.7800117545754002,0.7853602579539767,-0.005348503378576508,26.1
608671,"Jankowski, Travis",2023,19,1,20,0.9176108142093682,0.8016378813164047,0.11597293289296351,29.0
608671,"Jankowski, Travis",2024,11,1,12,0.8788394326608354,0.7936596137608669,0.0851798188999685,28.5
621020,"Swanson, Dansby",2023,9,1,10,0.8626846903489469,0.7923225492882051,0.07036214106074179,28.4
621020,"Swanson, Dansby",2024,19,3,22,0.849639642786452,0.7861102857213527,0.06352935706509932,27.8
621020,"Swanson, Dansby",2025,20,3,23,0.8550096555440787,0.7936596137608669,0.061350041783211795,28.5
621035,"Taylor, Chris",2023,16,3,19,0.8308445981347585,0.7910716811616916,0.03977291697306695,28.3
621438,"Taylor, Tyrone",2024,11,2,13,0.8300150197352335,0.7998698351129998,0.0301451846222337,28.9
621438,"Taylor, Tyrone",2025,12,2,14,0.8389615976439054,0.8074591980035097,0.031502399640395695,29.3
621439,"Buxton, Byron",2025,24,0,24,0.9634575984563519,0.8295777507568465,0.13387984769950545,30.2
621493,"Ward, Taylor",2024,6,4,10,0.6626846903489468,0.7826522208018147,-0.1199675304528679,26.8
622534,"Margot, Manuel",2023,9,3,12,0.7611923738373061,0.7910716811616916,-0.029879307324385485,28.3
622761,"Mateo, Jorge",2023,32,5,37,0.8557207227436715,0.8267753483996594,0.02894537434401212,30.1
622761,"Mateo, Jorge",2024,13,2,15,0.8470135177617102,0.8214291327237304,0.025584385037979773,29.9
622761,"Mateo, Jorge",2025,15,2,17,0.8609213797833729,0.8074591980035097,0.05346218177986317,29.3
624428,"Frazier, Adam",2023,11,4,15,0.7470135177617101,0.78329563007585,-0.036282112314139914,26.5
624428,"Frazier, Adam",2025,8,6,14,0.6284352818544318,0.7829949639716896,-0.1545596821172578,26.6
624503,"Gordon, Nick",2024,5,5,10,0.5960180236822802,0.78537659567173,-0.18935857198944983,27.7
640492,"Azócar, José",2023,8,2,10,0.7960180236822801,0.8140562818059518,-0.018038258123671658,29.6
641313,"Anderson, Tim",2023,13,2,15,0.8470135177617102,0.7830010906158473,0.06401242714586286,27.2
641343,"Bauers, Jake",2024,13,1,14,0.8915931765912739,0.7830010906158473,0.10859208597542658,27.2
641355,"Bellinger, Cody",2023,20,6,26,0.7722667856527162,0.7910716811616916,-0.01880489550897535,28.3
641355,"Bellinger, Cody",2024,9,2,11,0.8087668972021377,0.7923225492882051,0.016444347913932567,28.4
641355,"Bellinger, Cody",2025,13,2,15,0.8470135177617102,0.7899070093813263,0.05710650838038389,28.2
641584,"Fraley, Jake",2023,21,5,26,0.8045248501688453,0.7878362548590427,0.0166885953098026,28.0
641584,"Fraley, Jake",2024,20,5,25,0.7980090118411401,0.7910716811616916,0.006937330679448572,28.3
641857,"McMahon, Ryan",2023,5,5,10,0.5960180236822802,0.7878137904971307,-0.19179576681485055,25.8
641857,"McMahon, Ryan",2024,4,6,10,0.5293513570156135,0.7869097499699307,-0.25755839295431715,25.9
642201,"White, Eli",2025,10,1,11,0.8712668972021377,0.8214291327237304,0.049837764478407265,29.9
642350,"Siri, Jose",2023,12,3,15,0.7970135177617101,0.8164277024323963,-0.01941418467068612,29.7
642350,"Siri, Jose",2024,14,7,21,0.6900103982782386,0.8214291327237304,-0.1314187344454918,29.9
642708,"Rosario, Amed",2023,15,2,17,0.8609213797833729,0.8095720295915085,0.051349350191864374,29.4
642708,"Rosario, Amed",2024,13,5,18,0.736533493705835,0.8016378813164047,-0.06510438761056969,29.0
642715,"Adames, Willy",2024,21,4,25,0.8313423451744735,0.7836927035997552,0.04764964157471829,27.4
642715,"Adames, Willy",2025,12,4,16,0.7590604931063906,0.7878362548590427,-0.028775761752652174,28.0
642731,"Estrada, Thairo",2023,23,7,30,0.7697220101495487,0.7888285339471106,-0.019106523797561947,28.1
643217,"Benintendi, Andrew",2023,13,2,15,0.8470135177617102,0.7833037989347269,0.06370971882698329,27.3
643393,"Kemp, Tony",2023,15,4,19,0.7891779314680919,0.7847148064652223,0.004463125002869606,26.2
643396,"Kiner-Falefa, Isiah",2023,14,5,19,0.7475112648014252,0.78537659567173,-0.03786533087030486,27.7
643396,"Kiner-Falefa, Isiah",2024,11,2,13,0.8300150197352335,0.7861102857213527,0.04390473401388084,27.8
643396,"Kiner-Falefa, Isiah",2025,15,4,19,0.7891779314680919,0.7836927035997552,0.005485227868336717,27.4
643446,"McNeil, Jeff",2023,10,0,10,0.9293513570156136,0.7836927035997552,0.14565865341585837,27.4
645277,"Albies, Ozzie",2023,13,1,14,0.8915931765912739,0.7847291019682565,0.10686407462301739,27.6
645277,"Albies, Ozzie",2025,14,3,17,0.8154668343288275,0.7830010906158473,0.032465743712980166,27.2
645302,"Robles, Victor",2024,34,2,36,0.9253724476886391,0.7861102857213527,0.13926216196728647,27.8
647304,"Naylor, Josh",2023,10,3,13,0.7744594641796779,0.7878137904971307,-0.013354326317452814,25.8
647304,"Naylor, Josh",2025,30,2,32,0.9173046041955191,0.8095209742235285,0.10778362997199054,24.4
647304,"Naylor, Josh",2026,12,2,14,0.8389615976439054,0.8074101848502484,0.03155141279365703,24.5
650333,"Arraez, Luis",2024,9,3,12,0.7611923738373061,0.7827804942136782,-0.021588120376372144,26.7
650333,"Arraez, Luis",2025,11,4,15,0.7470135177617101,0.78329563007585,-0.036282112314139914,26.5
650402,"Torres, Gleyber",2023,13,6,19,0.7058445981347585,0.7836824925261587,-0.07783789439140021,26.4
650489,"Castro, Willi",2023,33,5,38,0.8590760547728885,0.7950828745796774,0.0639931801932111,28.6
650489,"Castro, Willi",2024,14,9,23,0.6407239412583644,0.7869301721171231,-0.14620623085875872,27.9
650489,"Castro, Willi",2025,10,4,14,0.7336984397491686,0.7899070093813263,-0.0562085696321577,28.2
650859,"Rengifo, Luis",2023,6,4,10,0.6626846903489468,0.7836927035997552,-0.12100801325080834,27.4
650859,"Rengifo, Luis",2024,24,7,31,0.7761186209787279,0.7826101437361004,-0.006491522757372525,26.9
650859,"Rengifo, Luis",2025,10,7,17,0.6336486525106456,0.7826542630165338,-0.14900561050588823,27.0
656305,"Chapman, Matt",2024,15,2,17,0.8609213797833729,0.7965923317446366,0.06432904803873629,28.7
656305,"Chapman, Matt",2025,9,4,13,0.7189039086241223,0.7888285339471106,-0.06992462532298827,28.1
656413,"Fairchild, Stuart",2023,10,3,13,0.7744594641796779,0.8054325627616596,-0.030973098581981717,29.2
656413,"Fairchild, Stuart",2024,13,1,14,0.8915931765912739,0.8034921238659578,0.0881010527253161,29.1
656716,"McKinstry, Zach",2023,16,6,22,0.7385285316753409,0.7936596137608669,-0.05513108208552597,28.5
656716,"McKinstry, Zach",2024,16,0,16,0.9495366835825811,0.7923225492882051,0.15721413429437603,28.4
656716,"McKinstry, Zach",2025,19,5,24,0.7910438053529036,0.7910716811616916,-2.787580878793605e-05,28.3
656775,"Mullins, Cedric",2023,19,3,22,0.849639642786452,0.7878362548590427,0.06180338792740925,28.0
656775,"Mullins, Cedric",2024,32,6,38,0.8358202408194001,0.7910716811616916,0.04474855965770852,28.3
656775,"Mullins, Cedric",2025,22,4,26,0.8367829146849743,0.7923225492882051,0.04446036539676923,28.4
656775,"Mullins, Cedric",2026,10,5,15,0.6970135177617102,0.7836927035997552,-0.08667918583804501,27.4
656941,"Schwarber, Kyle",2025,10,2,12,0.8200159032490708,0.7869097499699307,0.03310615327914013,25.9
657041,"Thomas, Lane",2023,20,5,25,0.7980090118411401,0.8074591980035097,-0.00945018616236959,29.3
657041,"Thomas, Lane",2024,32,14,46,0.7047111834359648,0.8074591980035097,-0.1027480145675449,29.3
657136,"Wong, Connor",2023,8,2,10,0.7960180236822801,0.7910716811616916,0.004946342520588565,28.3
657136,"Wong, Connor",2024,8,7,15,0.5970135177617102,0.7923225492882051,-0.19530903152649493,28.4
657656,"Laureano, Ramón",2023,12,1,13,0.8855705752907891,0.7869301721171231,0.09864040317366596,27.9
657656,"Laureano, Ramón",2024,8,3,11,0.7462668972021377,0.7861102857213527,-0.039843388519214984,27.8
657656,"Laureano, Ramón",2025,7,4,11,0.6837668972021377,0.7861102857213527,-0.10234338851921498,27.8
658668,"Olivares, Edward",2023,11,5,16,0.711441445487343,0.7950828745796774,-0.08364142909233441,28.6
660271,"Ohtani, Shohei",2023,20,6,26,0.7722667856527162,0.7861102857213527,-0.013843500068636438,27.8
660271,"Ohtani, Shohei",2024,59,4,63,0.9255922111063853,0.7888285339471106,0.13676367715927473,28.1
660271,"Ohtani, Shohei",2025,20,6,26,0.7722667856527162,0.7878362548590427,-0.015569469206326514,28.0
660644,"Bruján, Vidal",2024,5,6,11,0.5587668972021377,0.7841678046109317,-0.22540090740879404,27.5
660670,"Acuña Jr., Ronald",2023,73,14,87,0.836307286469937,0.7878362548590427,0.04847103161089428,28.0
660670,"Acuña Jr., Ronald",2024,16,3,19,0.8308445981347585,0.78537659567173,0.04546800246302851,27.7
660670,"Acuña Jr., Ronald",2025,9,1,10,0.8626846903489469,0.7869301721171231,0.07575451823182378,27.9
660670,"Acuña Jr., Ronald",2026,8,4,12,0.7023688444255414,0.7827845786431165,-0.08041573421757509,27.1
660821,"Sánchez, Jesús",2024,16,2,18,0.8669682763145307,0.7830010906158473,0.08396718569868333,27.2
660821,"Sánchez, Jesús",2025,13,3,16,0.8066795407254383,0.7826542630165338,0.024025277708904502,27.0
661388,"Contreras, William",2024,9,2,11,0.8087668972021377,0.7836824925261587,0.025084404675978944,26.4
661388,"Contreras, William",2025,6,4,10,0.6626846903489468,0.7847148064652223,-0.12203011611627546,26.2
662139,"Varsho, Daulton",2023,16,7,23,0.7121525126869359,0.7888285339471106,-0.0766760212601747,28.1
662139,"Varsho, Daulton",2024,10,2,12,0.8200159032490708,0.7936596137608669,0.0263562894882039,28.5
663368,"Perkins, Blake",2024,23,5,28,0.8163718289464911,0.8140562818059518,0.002315547140539276,29.6
663457,"Nootbaar, Lars",2023,11,1,12,0.8788394326608354,0.7861102857213527,0.09272914693948275,27.8
663457,"Nootbaar, Lars",2024,7,3,10,0.7293513570156135,0.7826542630165338,-0.05330290600092036,27.0
663538,"Hoerner, Nico",2023,43,7,50,0.8534594610042583,0.7936596137608669,0.05979984724339138,28.5
663538,"Hoerner, Nico",2024,31,6,37,0.8319111989341478,0.7923225492882051,0.039588649645942664,28.4
663538,"Hoerner, Nico",2025,29,6,35,0.8235067588808551,0.7950828745796774,0.028423884301177704,28.6
663538,"Hoerner, Nico",2026,10,1,11,0.8712668972021377,0.7910716811616916,0.0801952160404461,28.3
663604,"Lockridge, Brandon",2025,10,1,11,0.8712668972021377,0.8267753483996594,0.0444915488024783,30.1
663611,"Madrigal, Nick",2023,10,2,12,0.8200159032490708,0.7878362548590427,0.03217964839002807,28.0
663647,"Hayes, Ke'Bryan",2023,10,6,16,0.6638223978682953,0.7827845786431165,-0.11896218077482112,27.1
663647,"Hayes, Ke'Bryan",2024,11,2,13,0.8300150197352335,0.7836824925261587,0.04633252720907477,26.4
663647,"Hayes, Ke'Bryan",2025,12,3,15,0.7970135177617101,0.7830010906158473,0.014012427145862816,27.2
663656,"Tucker, Kyle",2023,30,5,35,0.8485067588808551,0.7829949639716896,0.06551179490916559,26.6
663656,"Tucker, Kyle",2024,11,0,11,0.9337668972021377,0.7860919057888793,0.14767499141325835,26.0
663656,"Tucker, Kyle",2025,25,3,28,0.8769778895525516,0.78329563007585,0.09368225947670161,26.5
663697,"India, Jonathan",2023,14,2,16,0.8542985883444859,0.7861102857213527,0.06818830262313325,27.8
663697,"India, Jonathan",2024,13,2,15,0.8470135177617102,0.7878362548590427,0.05917726290266745,28.0
663728,"Raleigh, Cal",2025,14,4,18,0.7800117545754002,0.7860919057888793,-0.006080151213479157,26.0
663757,"Grisham, Trent",2023,15,3,18,0.8234900154449655,0.78537659567173,0.03811341977323546,27.7
663837,"Vierling, Matt",2023,6,6,12,0.5847217856020119,0.8034921238659578,-0.21877033826394587,29.1
663853,"Gonzalez, Romy",2024,11,3,14,0.786330018696537,0.7998698351129998,-0.013539816416462847,28.9
663853,"Gonzalez, Romy",2025,6,5,11,0.6212668972021377,0.7910716811616916,-0.1698047839595539,28.3
663968,"Mangum, Jake",2025,27,6,33,0.8142176409272159,0.8034921238659578,0.010725517061258127,29.1
664023,"Happ, Ian",2023,14,3,17,0.8154668343288275,0.78537659567173,0.03009023865709748,27.7
664023,"Happ, Ian",2024,13,2,15,0.8470135177617102,0.7869301721171231,0.06008334564458706,27.9
664056,"Bader, Harrison",2023,20,3,23,0.8550096555440787,0.7981879852557436,0.05682167028833507,28.8
664056,"Bader, Harrison",2024,17,8,25,0.6980090118411402,0.7899070093813263,-0.09189799754018613,28.2
664056,"Bader, Harrison",2025,11,7,18,0.6495769719667045,0.7981879852557436,-0.14861101328903914,28.8
664059,"Haggerty, Sam",2023,10,1,11,0.8712668972021377,0.8054325627616596,0.06583433444047804,29.2
664059,"Haggerty, Sam",2025,12,4,16,0.7590604931063906,0.7998698351129998,-0.04080934200660924,28.9
664238,"Moore, Dylan",2023,7,3,10,0.7293513570156135,0.78537659567173,-0.05602523865611653,27.7
664238,"Moore, Dylan",2024,32,6,38,0.8358202408194001,0.7878362548590427,0.047983985960357356,28.0
664238,"Moore, Dylan",2025,14,5,19,0.7475112648014252,0.78537659567173,-0.03786533087030486,27.7
664702,"Straw, Myles",2023,20,6,26,0.7722667856527162,0.8054325627616596,-0.03316577710894342,29.2
664702,"Straw, Myles",2025,12,1,13,0.8855705752907891,0.8095720295915085,0.07599854569928055,29.4
664728,"Isbel, Kyle",2024,11,2,13,0.8300150197352335,0.7869301721171231,0.04308484761811038,27.9
664983,"McCarthy, Jake",2023,26,4,30,0.8554362958638344,0.824059142388621,0.031377153475213415,30.0
664983,"McCarthy, Jake",2024,25,6,31,0.8038963987565056,0.818885319404989,-0.01498892064848334,29.8
664983,"McCarthy, Jake",2026,9,2,11,0.8087668972021377,0.818885319404989,-0.010118422202851307,29.8
665161,"Peña, Jeremy",2023,13,9,22,0.6274174205642298,0.8095720295915085,-0.18215460902727876,29.4
665161,"Peña, Jeremy",2024,20,6,26,0.7722667856527162,0.818885319404989,-0.04661853375227276,29.8
665161,"Peña, Jeremy",2025,20,2,22,0.8866766798234891,0.8140562818059518,0.07262039801753728,29.6
665487,"Tatis Jr., Fernando",2023,29,4,33,0.8668492198745843,0.8074591980035097,0.05939002187107456,29.3
665487,"Tatis Jr., Fernando",2024,11,3,14,0.786330018696537,0.7923225492882051,-0.005992530591668155,28.4
665487,"Tatis Jr., Fernando",2025,32,7,39,0.8168243262553229,0.7950828745796774,0.02174145167564545,28.6
665487,"Tatis Jr., Fernando",2026,14,6,20,0.7176108142093682,0.7981879852557436,-0.0805771710463754,28.8
665742,"Soto, Juan",2023,12,5,17,0.7245577434197364,0.7826522208018147,-0.05809447738207829,26.8
665742,"Soto, Juan",2024,7,4,11,0.6837668972021377,0.7826522208018147,-0.09888532359967706,26.8
665742,"Soto, Juan",2025,38,4,42,0.8923461777709405,0.7878137904971307,0.10453238727380976,25.8
665750,"Taveras, Leody",2023,14,4,18,0.7800117545754002,0.8034921238659578,-0.023480369290557634,29.1
665750,"Taveras, Leody",2024,23,6,29,0.792360892801006,0.7936596137608669,-0.001298720959860944,28.5
665750,"Taveras, Leody",2025,9,3,12,0.7611923738373061,0.7981879852557436,-0.036995611418437546,28.8
665833,"Cruz, Oneil",2024,22,1,23,0.9264382269726502,0.7981879852557436,0.12825024171690658,28.8
665833,"Cruz, Oneil",2025,38,5,43,0.8737556324007126,0.8054325627616596,0.06832306963905299,29.2
665833,"Cruz, Oneil",2026,17,3,20,0.8376108142093682,0.7899070093813263,0.04770380482804193,28.2
665862,"Chisholm Jr., Jazz",2023,22,3,25,0.8646756785078068,0.7923225492882051,0.07235312921960169,28.4
665862,"Chisholm Jr., Jazz",2024,40,10,50,0.7989140064588037,0.7950828745796774,0.003831131879126315,28.6
665862,"Chisholm Jr., Jazz",2025,31,8,39,0.7940970535280502,0.7847291019682565,0.009367951559793641,27.6
665862,"Chisholm Jr., Jazz",2026,13,3,16,0.8066795407254383,0.7923225492882051,0.014356991437233235,28.4
665923,"Ruiz, Esteury",2023,67,13,80,0.8345914159439318,0.8140562818059518,0.020535134137980027,29.6
665926,"Giménez, Andrés",2023,30,6,36,0.8278114720788831,0.8054325627616596,0.022378909317223417,29.2
665926,"Giménez, Andrés",2024,30,5,35,0.8485067588808551,0.7998698351129998,0.04863692376785533,28.9
665926,"Giménez, Andrés",2025,12,2,14,0.8389615976439054,0.7878362548590427,0.05112534278486269,28.0
666134,"Jones, Nolan",2023,20,4,24,0.8255265639735933,0.7923225492882051,0.03320401468538814,28.4
666134,"Jones, Nolan",2025,8,3,11,0.7462668972021377,0.7847291019682565,-0.038462204766118835,27.6
666139,"Lowe, Josh",2023,32,3,35,0.8985067588808551,0.7965923317446366,0.10191442713621846,28.7
666139,"Lowe, Josh",2024,25,1,26,0.9335571082333615,0.7923225492882051,0.14123455894515635,28.4
666139,"Lowe, Josh",2025,18,4,22,0.812602605749415,0.7888285339471106,0.023774071802304397,28.1
666149,"Fitzgerald, Tyler",2024,17,4,21,0.805395013662854,0.824059142388621,-0.01866412872576695,30.0
666149,"Fitzgerald, Tyler",2025,9,4,13,0.7189039086241223,0.8140562818059518,-0.09515237318182945,29.6
666152,"Hamilton, David",2024,33,4,37,0.8795302465531953,0.8095720295915085,0.0699582169616868,29.4
666152,"Hamilton, David",2025,22,6,28,0.7860687986434608,0.8074591980035097,-0.02139039936004894,29.3
666152,"Hamilton, David",2026,10,3,13,0.7744594641796779,0.8095720295915085,-0.03511256541183061,29.4
666160,"Moniak, Mickey",2024,8,4,12,0.7023688444255414,0.7950828745796774,-0.09271403015413604,28.6
666160,"Moniak, Mickey",2025,9,3,12,0.7611923738373061,0.7936596137608669,-0.03246723992356082,28.5
666176,"Adell, Jo",2024,15,10,25,0.6313423451744735,0.7981879852557436,-0.16684564008127012,28.8
666181,"Benson, Will",2023,19,3,22,0.849639642786452,0.7981879852557436,0.05145165753070835,28.8
666181,"Benson, Will",2024,16,7,23,0.7121525126869359,0.7981879852557436,-0.08603547256880772,28.8
666624,"Morel, Christopher",2024,8,7,15,0.5970135177617102,0.7833037989347269,-0.18629028117301671,27.3
666969,"García, Adolis",2023,9,1,10,0.8626846903489469,0.7833037989347269,0.07938089141422,27.3
666969,"García, Adolis",2024,11,5,16,0.711441445487343,0.7826522208018147,-0.07121077531447173,26.8
666969,"García, Adolis",2025,13,4,17,0.7700122888742821,0.7826542630165338,-0.012641974142251766,27.0
666971,"Gurriel Jr., Lourdes",2025,10,4,14,0.7336984397491686,0.7827845786431165,-0.04908613889394786,27.1
667452,"Julks, Corey",2023,15,3,18,0.8234900154449655,0.7923225492882051,0.03116746615676036,28.4
667472,"Myers, Dane",2025,18,5,23,0.7835810841155073,0.7923225492882051,-0.008741465172697804,28.4
667670,"Rooker, Brent",2024,11,3,14,0.786330018696537,0.7847291019682565,0.0016009167282804437,27.6
668227,"Arozarena, Randy",2023,22,10,32,0.7010883879793028,0.7923225492882051,-0.09123416130890227,28.4
668227,"Arozarena, Randy",2024,20,10,30,0.684007724435263,0.7888285339471106,-0.10482080951184758,28.1
668227,"Arozarena, Randy",2025,31,6,37,0.8319111989341478,0.78537659567173,0.04653460326241776,27.7
668227,"Arozarena, Randy",2026,14,2,16,0.8542985883444859,0.7826542630165338,0.07164432532795206,27.0
668715,"Steer, Spencer",2023,15,3,18,0.8234900154449655,0.7923225492882051,0.03116746615676036,28.4
668715,"Steer, Spencer",2024,25,3,28,0.8769778895525516,0.7899070093813263,0.08707088017122533,28.2
668731,"Baddoo, Akil",2023,14,3,17,0.8154668343288275,0.8016378813164047,0.013828953012422818,29.0
668804,"Reynolds, Bryan",2023,12,1,13,0.8855705752907891,0.7861102857213527,0.09946028956943642,27.8
668804,"Reynolds, Bryan",2024,10,2,12,0.8200159032490708,0.7878362548590427,0.03217964839002807,28.0
668885,"Martin, Austin",2024,7,3,10,0.7293513570156135,0.7910716811616916,-0.06172032414607809,28.3
668885,"Martin, Austin",2025,11,4,15,0.7470135177617101,0.7910716811616916,-0.044058163399981476,28.3
668885,"Martin, Austin",2026,7,5,12,0.6435453150137767,0.7861102857213527,-0.142564970707576,27.8
668904,"Lewis, Royce",2025,12,2,14,0.8389615976439054,0.7826522208018147,0.0563093768420907,26.8
668930,"Turang, Brice",2023,26,4,30,0.8554362958638344,0.8095720295915085,0.04586426627232587,29.4
668930,"Turang, Brice",2024,50,6,56,0.884266727134987,0.8074591980035097,0.07680752913147726,29.3
668930,"Turang, Brice",2025,24,8,32,0.7551424420333569,0.7998698351129998,-0.04472739307964291,28.9
668930,"Turang, Brice",2026,9,2,11,0.8087668972021377,0.7950828745796774,0.013684022622460268,28.6
668942,"Rojas, Josh",2023,12,0,12,0.9376629620726001,0.7827804942136782,0.1548824678589219,26.7
668942,"Rojas, Josh",2024,10,4,14,0.7336984397491686,0.7826542630165338,-0.04895582326736525,27.0
669003,"Mitchell, Garrett",2024,11,4,15,0.7470135177617101,0.8117710575256565,-0.06475753976394638,29.5
669003,"Mitchell, Garrett",2026,6,4,10,0.6626846903489468,0.8164277024323963,-0.15374301208344943,29.7
669004,"Melendez, MJ",2023,6,4,10,0.6626846903489468,0.7847291019682565,-0.12204441161930968,27.6
669016,"Marsh, Brandon",2023,10,2,12,0.8200159032490708,0.7950828745796774,0.024933028669393398,28.6
669016,"Marsh, Brandon",2024,19,3,22,0.849639642786452,0.7899070093813263,0.05973263340512569,28.2
669242,"Edman, Tommy",2023,27,4,31,0.8594519543120612,0.7981879852557436,0.06126396905631759,28.8
669261,"Suwinski, Jack",2023,13,2,15,0.8470135177617102,0.7950828745796774,0.051930643182032776,28.6
669261,"Suwinski, Jack",2024,9,1,10,0.8626846903489469,0.7910716811616916,0.07161300918725533,28.3
669289,"Espinal, Santiago",2024,11,1,12,0.8788394326608354,0.7833037989347269,0.09553563372610852,27.3
669364,"Edwards, Xavier",2024,31,4,35,0.8735067588808552,0.7923225492882051,0.08118420959265005,28.4
669364,"Edwards, Xavier",2025,27,7,34,0.7933402655188257,0.7910716811616916,0.0022685843571341735,28.3
669364,"Edwards, Xavier",2026,8,2,10,0.7960180236822801,0.7888285339471106,0.00718948973516953,28.1
669397,"Allen, Nick",2025,8,7,15,0.5970135177617102,0.7836927035997552,-0.186679185838045,27.4
669701,"Smith, Josh",2024,11,2,13,0.8300150197352335,0.7847291019682565,0.04528591776697699,27.6
669701,"Smith, Josh",2025,12,3,15,0.7970135177617101,0.7841678046109317,0.012845713150778426,27.5
669707,"Triolo, Jared",2025,13,2,15,0.8470135177617102,0.7981879852557436,0.04882553250596655,28.8
669743,"Call, Alex",2023,9,8,17,0.5881941070561001,0.7981879852557436,-0.20999387819964355,28.8
669911,"Toglia, Michael",2024,10,1,11,0.8712668972021377,0.7836927035997552,0.0875741936023825,27.4
670032,"Lopez, Nicky",2024,5,7,12,0.5258982561902472,0.7827845786431165,-0.25688632245286924,27.1
670042,"Raley, Luke",2023,14,3,17,0.8154668343288275,0.7981879852557436,0.017278849073083857,28.8
670042,"Raley, Luke",2024,11,2,13,0.8300150197352335,0.7998698351129998,0.0301451846222337,28.9
670156,"Mastrobuoni, Miles",2023,13,1,14,0.8915931765912739,0.7950828745796774,0.0965103020115965,28.6
670764,"Walls, Taylor",2023,22,1,23,0.9264382269726502,0.7899070093813263,0.13653121759132392,28.2
670764,"Walls, Taylor",2024,16,4,20,0.7976108142093682,0.7861102857213527,0.011500528488015527,27.8
670764,"Walls, Taylor",2025,14,6,20,0.7176108142093682,0.7899070093813263,-0.07229619517195807,28.2
670770,"Friedl, TJ",2023,27,6,33,0.8142176409272159,0.7910716811616916,0.02314595976552436,28.3
670770,"Friedl, TJ",2024,9,1,10,0.8626846903489469,0.78329563007585,0.07938906027309689,26.5
670770,"Friedl, TJ",2025,12,3,15,0.7970135177617101,0.7827804942136782,0.014233023548031909,26.7
671056,"Herrera, Iván",2025,8,2,10,0.7960180236822801,0.7841555513226162,0.011862472359663978,26.3
671218,"Ramos, Heliot",2025,6,4,10,0.6626846903489468,0.7841678046109317,-0.12148311426198488,27.5
671221,"Waters, Drew",2023,16,5,21,0.7669334752013156,0.7965923317446366,-0.02965885654332101,28.7
671277,"García Jr., Luis",2023,9,4,13,0.7189039086241223,0.7830010906158473,-0.06409718199172498,27.2
671277,"García Jr., Luis",2024,22,5,27,0.8106334486010689,0.7830010906158473,0.027632357985221567,27.2
671277,"García Jr., Luis",2025,14,5,19,0.7475112648014252,0.78329563007585,-0.035784365274424856,26.5
671289,"Freeman, Tyler",2024,11,6,17,0.679103197965191,0.7899070093813263,-0.11080381141613527,28.2
671289,"Freeman, Tyler",2025,18,9,27,0.6856334486010689,0.7936596137608669,-0.10802616515979802,28.5
671732,"Butler, Lawrence",2024,18,0,18,0.953924798053661,0.7847291019682565,0.16919569608540452,27.6
671732,"Butler, Lawrence",2025,22,7,29,0.7629491280951237,0.7826101437361004,-0.019661015640976665,26.9
671739,"Harris II, Michael",2023,20,4,24,0.8255265639735933,0.7981879852557436,0.027338578717849615,28.8
671739,"Harris II, Michael",2024,10,6,16,0.6638223978682953,0.7910716811616916,-0.12724928329339624,28.3
671739,"Harris II, Michael",2025,20,6,26,0.7722667856527162,0.7936596137608669,-0.021392828108150685,28.5
672279,"Siani, Michael",2024,20,3,23,0.8550096555440787,0.7910716811616916,0.06393797438238713,28.3
672284,"Kelenic, Jarred",2023,13,5,18,0.736533493705835,0.7878362548590427,-0.051302761153207754,28.0
672356,"Arias, Gabriel",2025,8,4,12,0.7023688444255414,0.7826542630165338,-0.08028541859099247,27.0
672580,"Garcia, Maikel",2023,23,7,30,0.7697220101495487,0.7899070093813263,-0.020184999231777634,28.2
672580,"Garcia, Maikel",2024,37,2,39,0.9304606898916865,0.7869301721171231,0.14353051777456338,27.9
672580,"Garcia, Maikel",2025,23,9,32,0.7281154150063298,0.7869301721171231,-0.058814757110793314,27.9
672640,"Lopez, Otto",2024,20,4,24,0.8255265639735933,0.7965923317446366,0.028934232228956636,28.7
672640,"Lopez, Otto",2025,15,6,21,0.7284719367397771,0.7936596137608669,-0.06518767702108985,28.5
672640,"Lopez, Otto",2026,10,3,13,0.7744594641796779,0.7936596137608669,-0.019200149581188986,28.5
672695,"Perdomo, Geraldo",2023,16,4,20,0.7976108142093682,0.7830010906158473,0.014609723593520862,27.2
672695,"Perdomo, Geraldo",2024,9,1,10,0.8626846903489469,0.7826542630165338,0.08003042733241306,27.0
672695,"Perdomo, Geraldo",2025,27,6,33,0.8142176409272159,0.7830010906158473,0.031216550311368607,27.2
672695,"Perdomo, Geraldo",2026,8,3,11,0.7462668972021377,0.7826522208018147,-0.036385323599677055,26.8
672761,"Pérez, Wenceel",2024,9,5,14,0.6810668608018001,0.7899070093813263,-0.10884014857952617,28.2
672761,"Pérez, Wenceel",2025,8,3,11,0.7462668972021377,0.7861102857213527,-0.039843388519214984,27.8
673357,"Robert Jr., Luis",2023,20,4,24,0.8255265639735933,0.7965923317446366,0.028934232228956636,28.7
673357,"Robert Jr., Luis",2024,23,6,29,0.792360892801006,0.7981879852557436,-0.00582709245473767,28.8
673357,"Robert Jr., Luis",2025,33,8,41,0.8030493555485697,0.8016378813164047,0.001411474232165033,29.0
673490,"Kim, Ha-Seong",2023,38,9,47,0.8065436606775809,0.7936596137608669,0.012884046916713965,28.5
673490,"Kim, Ha-Seong",2024,22,5,27,0.8106334486010689,0.7910716811616916,0.01956176743937732,28.3
673548,"Suzuki, Seiya",2023,6,7,13,0.5522372419574557,0.7936596137608669,-0.2414223718034112,28.5
673548,"Suzuki, Seiya",2024,16,6,22,0.7385285316753409,0.7910716811616916,-0.05254314948635064,28.3
676356,"DeLuca, Jonny",2024,16,6,22,0.7385285316753409,0.818885319404989,-0.08035678772964805,29.8
676391,"Clement, Ernie",2024,12,3,15,0.7970135177617101,0.7923225492882051,0.0046909684735050305,28.4
676391,"Clement, Ernie",2025,6,5,11,0.6212668972021377,0.7950828745796774,-0.17381597737753973,28.6
676475,"Burleson, Alec",2024,9,4,13,0.7189039086241223,0.7910430901556222,-0.0721391815314999,25.5
676609,"Caballero, José",2023,26,3,29,0.880596186918653,0.8016378813164047,0.07895830560224837,29.0
676609,"Caballero, José",2024,44,16,60,0.737542620849757,0.7910716811616916,-0.053529060311934606,28.3
676609,"Caballero, José",2025,49,11,60,0.814465697772834,0.7910716811616916,0.023394016611142376,28.3
676609,"Caballero, José",2026,13,6,19,0.7058445981347585,0.7899070093813263,-0.08406241124656777,28.2
676694,"Meyers, Jake",2024,11,3,14,0.786330018696537,0.7998698351129998,-0.013539816416462847,28.9
676694,"Meyers, Jake",2025,16,5,21,0.7669334752013156,0.7899070093813263,-0.02297353418001069,28.2
676801,"McCormick, Chas",2023,19,6,25,0.7646756785078068,0.7899070093813263,-0.025231330873519475,28.2
676801,"McCormick, Chas",2024,8,2,10,0.7960180236822801,0.7965923317446366,-0.0005743080623564767,28.7
677551,"Franco, Wander",2023,30,10,40,0.7542282301163157,0.7841678046109317,-0.02993957449461604,27.5
677587,"Rocchio, Brayan",2024,10,6,16,0.6638223978682953,0.7826522208018147,-0.1188298229335194,26.8
677587,"Rocchio, Brayan",2025,8,4,12,0.7023688444255414,0.7826542630165338,-0.08028541859099247,27.0
677587,"Rocchio, Brayan",2026,9,4,13,0.7189039086241223,0.7833037989347269,-0.06439989031060456,27.3
677594,"Rodríguez, Julio",2023,37,10,47,0.7873128914468116,0.8140562818059518,-0.026743390359140196,29.6
677594,"Rodríguez, Julio",2024,24,5,29,0.8217726575068883,0.8140562818059518,0.007716375700936529,29.6
677594,"Rodríguez, Julio",2025,30,6,36,0.8278114720788831,0.8054325627616596,0.022378909317223417,29.2
677649,"Duran, Ezequiel",2023,8,4,12,0.7023688444255414,0.8034921238659578,-0.10112327944041644,29.1
677649,"Duran, Ezequiel",2025,11,2,13,0.8300150197352335,0.7981879852557436,0.03182703447948987,28.8
677800,"Abreu, Wilyer",2024,8,3,11,0.7462668972021377,0.7841678046109317,-0.03790090740879404,27.5
677942,"Alexander, Blaze",2025,4,6,10,0.5293513570156135,0.7981879852557436,-0.2688366282401301,28.8
677950,"Thomas, Alek",2023,9,1,10,0.8626846903489469,0.7981879852557436,0.06449670509320327,28.8
677950,"Thomas, Alek",2025,7,4,11,0.6837668972021377,0.7910716811616916,-0.1073047839595539,28.3
677951,"Witt Jr., Bobby",2023,49,15,64,0.7672502950033943,0.8385021359052991,-0.07125184090190484,30.5
677951,"Witt Jr., Bobby",2024,31,12,43,0.7279222990673793,0.8385021359052991,-0.11057983683791983,30.5
677951,"Witt Jr., Bobby",2025,38,9,47,0.8065436606775809,0.8295777507568465,-0.0230340900792656,30.2
677951,"Witt Jr., Bobby",2026,16,3,19,0.8308445981347585,0.8385021359052991,-0.007657537770540568,30.5
678009,"Meadows, Parker",2024,9,4,13,0.7189039086241223,0.8074591980035097,-0.08855528937938739,29.3
678225,"Bae, Ji Hwan",2023,24,9,33,0.7352702725061633,0.8164277024323963,-0.08115742992623298,29.7
678662,"Tovar, Ezequiel",2023,11,5,16,0.711441445487343,0.7888285339471106,-0.0773870884597676,28.1
678662,"Tovar, Ezequiel",2024,6,5,11,0.6212668972021377,0.7888285339471106,-0.16756163674497293,28.1
678882,"Rafaela, Ceddanne",2024,19,10,29,0.6747138339774766,0.7981879852557436,-0.123474151278267,28.8
678882,"Rafaela, Ceddanne",2025,20,5,25,0.7980090118411401,0.8034921238659578,-0.00548311202481766,29.1
679032,"Rojas, Johan",2023,14,1,15,0.8970135177617102,0.8117710575256565,0.08524246023605375,29.5
679032,"Rojas, Johan",2024,25,4,29,0.8511844222127707,0.8267753483996594,0.024409073813111304,30.1
679032,"Rojas, Johan",2025,12,2,14,0.8389615976439054,0.8267753483996594,0.01218624924424605,30.1
680118,"Blanco, Dairon",2023,24,5,29,0.8217726575068883,0.8324663494601818,-0.010693691953293505,30.3
680118,"Blanco, Dairon",2024,31,7,38,0.8125644268659117,0.8140562818059518,-0.001491854940040116,29.6
680474,"Schuemann, Max",2024,14,1,15,0.8970135177617102,0.7861102857213527,0.11090323204035757,27.8
680574,"McLain, Matt",2023,14,5,19,0.7475112648014252,0.8016378813164047,-0.05412661651497952,29.0
680574,"McLain, Matt",2025,18,2,20,0.8776108142093682,0.8054325627616596,0.07217825144770851,29.2
680577,"Keirsey Jr., DaShawn",2025,10,3,13,0.7744594641796779,0.7936596137608669,-0.019200149581188986,28.5
680700,"Palacios, Richie",2024,19,1,20,0.9176108142093682,0.7869301721171231,0.13068064209224506,27.9
680700,"Palacios, Richie",2026,7,4,11,0.6837668972021377,0.7826542630165338,-0.09888736581439617,27.0
680757,"Kwan, Steven",2023,21,3,24,0.8600093225942829,0.7888285339471106,0.07118078864717226,28.1
680757,"Kwan, Steven",2024,12,5,17,0.7245577434197364,0.7827845786431165,-0.058226835223380013,27.1
680757,"Kwan, Steven",2025,21,5,26,0.8045248501688453,0.7833037989347269,0.021221051234118438,27.3
680776,"Duran, Jarren",2023,24,2,26,0.9012990437172325,0.8117710575256565,0.08952798619157598,29.5
680776,"Duran, Jarren",2024,34,7,41,0.8247884859833523,0.8140562818059518,0.010732204177400506,29.6
680776,"Duran, Jarren",2025,24,6,30,0.7982934387209772,0.8034921238659578,-0.005198685144980564,29.1
680776,"Duran, Jarren",2026,10,0,10,0.9293513570156136,0.8016378813164047,0.12771347569920888,29.0
680869,"Gelof, Zack",2023,14,2,16,0.8542985883444859,0.8016378813164047,0.05266070702808123,29.0
680869,"Gelof, Zack",2024,25,3,28,0.8769778895525516,0.7965923317446366,0.08038555780791501,28.7
680911,"Miller, Owen",2023,13,2,15,0.8470135177617102,0.8016378813164047,0.04537563644530551,29.0
680977,"Donovan, Brendan",2024,5,5,10,0.5960180236822802,0.7826542630165338,-0.18663623933425366,27.0
681082,"Stott, Bryson",2023,31,3,34,0.8959043680829283,0.7981879852557436,0.09771638282718464,28.8
681082,"Stott, Bryson",2024,32,3,35,0.8985067588808551,0.8034921238659578,0.09501463501489726,29.1
681082,"Stott, Bryson",2025,24,5,29,0.8217726575068883,0.7981879852557436,0.02358467225114469,28.8
681082,"Stott, Bryson",2026,10,0,10,0.9293513570156136,0.7936596137608669,0.13569174325474664,28.5
681297,"Cowser, Colton",2024,9,4,13,0.7189039086241223,0.7899070093813263,-0.07100310075720395,28.2
681297,"Cowser, Colton",2025,14,0,14,0.9442247555386424,0.7836927035997552,0.1605320519388872,27.4
681393,"Norby, Connor",2025,8,2,10,0.7960180236822801,0.7981879852557436,-0.002169961573463497,28.8
681546,"Outman, James",2023,16,3,19,0.8308445981347585,0.7998698351129998,0.030974763021758722,28.9
681624,"Pages, Andy",2025,14,7,21,0.6900103982782386,0.7888285339471106,-0.09881813566887199,28.1
681987,"Eaton, Nate",2025,9,2,11,0.8087668972021377,0.8164277024323963,-0.007660805230258583,29.7
682177,"Schneemann, Daniel",2025,9,3,12,0.7611923738373061,0.7869301721171231,-0.025737798279817037,27.9
682622,"Marte, Noelvi",2024,9,3,12,0.7611923738373061,0.7981879852557436,-0.036995611418437546,28.8
682622,"Marte, Noelvi",2025,10,3,13,0.7744594641796779,0.8016378813164047,-0.02717841713672675,29.0
682657,"Martínez, Angel",2025,8,2,10,0.7960180236822801,0.78537659567173,0.010641428010550125,27.7
682657,"Martínez, Angel",2026,8,2,10,0.7960180236822801,0.78537659567173,0.010641428010550125,27.7
682663,"Ramírez, Agustín",2025,16,3,19,0.8308445981347585,0.7827804942136782,0.04806410392108029,26.7
682668,"Acuña, Luisangel",2025,16,1,17,0.9063759252379184,0.8140562818059518,0.09231964343196664,29.6
682829,"De La Cruz, Elly",2023,35,8,43,0.8112556324007126,0.8385021359052991,-0.02724650350458646,30.5
682829,"De La Cruz, Elly",2024,67,16,83,0.8061394358549342,0.824059142388621,-0.017919706533686797,30.0
682829,"De La Cruz, Elly",2025,37,8,45,0.8188054071046841,0.8034921238659578,0.015313283238726272,29.1
682829,"De La Cruz, Elly",2026,9,5,14,0.6810668608018001,0.7899070093813263,-0.10884014857952617,28.2
682928,"Abrams, CJ",2023,47,4,51,0.9096476849148966,0.7950828745796774,0.11456481033521915,28.6
682928,"Abrams, CJ",2024,31,12,43,0.7279222990673793,0.7936596137608669,-0.06573731469348765,28.5
682928,"Abrams, CJ",2025,31,3,34,0.8959043680829283,0.7899070093813263,0.10599735870160198,28.2
682928,"Abrams, CJ",2026,8,4,12,0.7023688444255414,0.7923225492882051,-0.08995370486266374,28.4
682998,"Carroll, Corbin",2023,54,5,59,0.9053167243005344,0.8267753483996594,0.07854137590087507,30.1
682998,"Carroll, Corbin",2024,35,8,43,0.8112556324007126,0.8140562818059518,-0.002800649405239164,29.6
682998,"Carroll, Corbin",2025,32,6,38,0.8358202408194001,0.818885319404989,0.016934921414411108,29.8
683002,"Henderson, Gunnar",2023,10,3,13,0.7744594641796779,0.7981879852557436,-0.02372852107606571,28.8
683002,"Henderson, Gunnar",2024,21,4,25,0.8313423451744735,0.7998698351129998,0.03147251006147367,28.9
683002,"Henderson, Gunnar",2025,30,5,35,0.8485067588808551,0.7936596137608669,0.05484714511998823,28.5
683011,"Volpe, Anthony",2023,24,5,29,0.8217726575068883,0.7923225492882051,0.029450108218683213,28.4
683011,"Volpe, Anthony",2024,28,7,35,0.7985067588808551,0.7950828745796774,0.003423884301177682,28.6
683011,"Volpe, Anthony",2025,18,8,26,0.7077506566204582,0.7910716811616916,-0.08332102454123336,28.3
683083,"Nuñez, Nasim",2024,8,2,10,0.7960180236822801,0.8117710575256565,-0.01575303384337634,29.5
683083,"Nuñez, Nasim",2025,9,1,10,0.8626846903489469,0.818885319404989,0.043799370943957916,29.8
683083,"Nuñez, Nasim",2026,22,2,24,0.8944920812149726,0.8140562818059518,0.08043579940902079,29.6
686217,"Frelick, Sal",2024,18,3,21,0.8438565521243925,0.8074591980035097,0.03639735412088274,29.3
686217,"Frelick, Sal",2025,19,6,25,0.7646756785078068,0.7998698351129998,-0.03519415660519298,28.9
686475,"Tolbert, Tyler",2025,21,2,23,0.8907239412583644,0.7998698351129998,0.0908541061453646,28.9
686555,"Collins, Isaac",2025,16,7,23,0.7121525126869359,0.78537659567173,-0.0732240829847941,27.7
686611,"Crews, Dylan",2024,12,3,15,0.7970135177617101,0.8074591980035097,-0.010445680241799593,29.3
686611,"Crews, Dylan",2025,17,5,22,0.7755655687123779,0.8016378813164047,-0.02607231260402676,29.0
686668,"Doyle, Brenton",2023,22,5,27,0.8106334486010689,0.8214291327237304,-0.01079568412266152,29.9
686668,"Doyle, Brenton",2024,30,5,35,0.8485067588808551,0.8074591980035097,0.0410475608773454,29.3
686668,"Doyle, Brenton",2025,18,2,20,0.8776108142093682,0.8117710575256565,0.06583975668371167,29.5
686668,"Doyle, Brenton",2026,9,2,11,0.8087668972021377,0.7965923317446366,0.012174565457501063,28.7
686823,"Brennan, Will",2023,13,5,18,0.736533493705835,0.7910716811616916,-0.05453818745585659,28.3
686894,"Wiemer, Joey",2023,11,4,15,0.7470135177617101,0.7998698351129998,-0.052856317351289706,28.9
687263,"Neto, Zach",2024,30,10,40,0.7542282301163157,0.7899070093813263,-0.03567877926501062,28.2
687263,"Neto, Zach",2025,26,9,35,0.7485067588808552,0.7888285339471106,-0.04032177506625545,28.1
687263,"Neto, Zach",2026,7,5,12,0.6435453150137767,0.7841678046109317,-0.14062248959715506,27.5
687363,"Scott II, Victor",2025,34,4,38,0.8823318687263768,0.8295777507568465,0.052754117969530334,30.2
687363,"Scott II, Victor",2026,7,4,11,0.6837668972021377,0.8164277024323963,-0.13266080523025858,29.7
687401,"Ortiz, Joey",2024,11,6,17,0.679103197965191,0.7965923317446366,-0.11748913377944559,28.7
687401,"Ortiz, Joey",2025,14,3,17,0.8154668343288275,0.7965923317446366,0.018874502584190878,28.7
687597,"Beck, Jordan",2025,19,8,27,0.7168834486010689,0.7965923317446366,-0.07970888314356772,28.7
691016,"Soderstrom, Tyler",2025,8,3,11,0.7462668972021377,0.7836927035997552,-0.0374258063976175,27.4
691023,"Walker, Jordan",2023,7,4,11,0.6837668972021377,0.7936596137608669,-0.10989271655872923,28.5
691023,"Walker, Jordan",2025,10,3,13,0.7744594641796779,0.7965923317446366,-0.02213286756495869,28.7
691023,"Walker, Jordan",2026,7,3,10,0.7293513570156135,0.8016378813164047,-0.07228652430079119,29.0
691026,"Winn, Masyn",2024,11,5,16,0.711441445487343,0.7981879852557436,-0.08674653976840063,28.8
691026,"Winn, Masyn",2025,9,5,14,0.6810668608018001,0.7923225492882051,-0.11125568848640499,28.4
691176,"Domínguez, Jasson",2025,23,5,28,0.8163718289464911,0.7965923317446366,0.019779497201854457,28.7
691594,"Sanoja, Javier",2025,6,5,11,0.6212668972021377,0.7878362548590427,-0.16656935765690506,28.0
691718,"Crow-Armstrong, Pete",2024,27,3,30,0.884007724435263,0.824059142388621,0.059948582046641996,30.0
691718,"Crow-Armstrong, Pete",2025,35,8,43,0.8112556324007126,0.8117710575256565,-0.0005154251249438468,29.5
691718,"Crow-Armstrong, Pete",2026,12,4,16,0.7590604931063906,0.8054325627616596,-0.04637206965526908,29.2
694192,"Chourio, Jackson",2024,22,7,29,0.7629491280951237,0.8164277024323963,-0.053478574337272544,29.7
694192,"Chourio, Jackson",2025,21,7,28,0.7557657683404304,0.8054325627616596,-0.04966679442122923,29.2
694374,"Tawa, Tim",2025,8,2,10,0.7960180236822801,0.7899070093813263,0.006111014300953843,28.2
694384,"Schanuel, Nolan",2024,10,1,11,0.8712668972021377,0.7836824925261587,0.08758440467597894,26.4
694497,"Carter, Evan",2025,14,2,16,0.8542985883444859,0.8016378813164047,0.05266070702808123,29.0
694671,"Langford, Wyatt",2024,19,3,22,0.849639642786452,0.818885319404989,0.030754323381463,29.8
694671,"Langford, Wyatt",2025,22,6,28,0.7860687986434608,0.7998698351129998,-0.013801036469539008,28.9
695578,"Wood, James",2024,14,8,22,0.6644544576012669,0.7965923317446366,-0.13213787414336975,28.7
695578,"Wood, James",2025,15,7,22,0.7014914946383038,0.7861102857213527,-0.08461879108304882,27.8
695578,"Wood, James",2026,10,1,11,0.8712668972021377,0.7847291019682565,0.08653779523388117,27.6
695734,"Lile, Daylen",2025,8,6,14,0.6284352818544318,0.8034921238659578,-0.17505684201152605,29.1
696285,"Young, Jacob",2023,13,0,13,0.9411261308463447,0.824059142388621,0.11706698845772368,30.0
696285,"Young, Jacob",2024,33,10,43,0.7695889657340459,0.8164277024323963,-0.04683873669835037,29.7
696285,"Young, Jacob",2025,15,11,26,0.6109764630720711,0.8074591980035097,-0.19648273493143864,29.3
701398,"Stewart, Sal",2026,10,1,11,0.8712668972021377,0.7836824925261587,0.08758440467597894,26.4
701538,"Merrill, Jackson",2024,16,3,19,0.8308445981347585,0.7936596137608669,0.037184984373891616,28.5
701538,"Merrill, Jackson",2026,10,0,10,0.9293513570156136,0.7950828745796774,0.13426848243593614,28.6
701807,"Benge, Carson",2026,9,2,11,0.8087668972021377,0.7936596137608669,0.015107283441270769,28.5
702332,"Durbin, Caleb",2025,18,6,24,0.7565610467322139,0.7888285339471106,-0.032267487214896695,28.1
702358,"Lipscomb, Trey",2024,11,2,13,0.8300150197352335,0.7841678046109317,0.04584721512430179,27.5
702616,"Holliday, Jackson",2025,17,11,28,0.6345536471283092,0.7950828745796774,-0.16052922745136822,28.6
802415,"Simpson, Chandler",2025,44,12,56,0.7859060713972821,0.8140562818059518,-0.028150210408669718,29.6
802415,"Simpson, Chandler",2026,14,8,22,0.6644544576012669,0.8140562818059518,-0.14960182420468493,29.6
803011,"Antonacci, Sam",2026,7,4,11,0.6837668972021377,0.7910716811616916,-0.1073047839595539,28.3
804606,"Griffin, Konnor",2026,12,1,13,0.8855705752907891,0.8214291327237304,0.06414144256705867,29.9
805300,"Marsee, Jakob",2025,14,6,20,0.7176108142093682,0.7888285339471106,-0.07121771973774238,28.1
805300,"Marsee, Jakob",2026,14,7,21,0.6900103982782386,0.7869301721171231,-0.0969197738388845,27.9
805367,"Meidroth, Chase",2025,14,4,18,0.7800117545754002,0.7826542630165338,-0.002642508441133673,27.0
807712,"Keaschall, Luke",2025,14,3,17,0.8154668343288275,0.7965923317446366,0.018874502584190878,28.7
807712,"Keaschall, Luke",2026,10,2,12,0.8200159032490708,0.7936596137608669,0.0263562894882039,28.5
807713,"Shaw, Matt",2025,17,5,22,0.7755655687123779,0.8016378813164047,-0.02607231260402676,29.0
808975,"Kim, Hyeseong",2025,13,1,14,0.8915931765912739,0.7965923317446366,0.09500084484663729,28.7
808982,"Lee, Jung Hoo",2025,10,3,13,0.7744594641796779,0.7899070093813263,-0.015447545201648372,28.2
