runner_id,player_name,season,sprint_speed,accel_0_30,maintain_30_90,total_90,accel_gap,pct_sprint_speed,pct_accel_0_30,pct_total_90
457705,"McCutchen, Andrew",2023,28.4,1.81,2.17,3.98,-29.639639639639633,77.29729729729729,47.65765765765766,62.972972972972975
462101,"Andrus, Elvis",2023,26.5,1.85,2.27,4.12,-2.162162162162158,27.74774774774775,25.58558558558559,28.55855855855856
500743,"Rojas, Miguel",2023,26.4,1.86,2.31,4.17,-3.6936936936936924,24.684684684684687,20.990990990990994,18.91891891891892
500743,"Rojas, Miguel",2024,25.8,1.88,2.36,4.24,-3.3771106941838624,14.634146341463413,11.257035647279551,11.350844277673545
502054,"Pham, Tommy",2023,27.8,1.83,2.18,4.01,-25.675675675675677,61.62162162162163,35.94594594594595,55.4054054054054
502054,"Pham, Tommy",2024,27.2,1.84,2.21,4.05,-14.165103189493422,43.05816135084427,28.89305816135085,41.55722326454033
502671,"Goldschmidt, Paul",2023,26.4,1.84,2.26,4.1,5.585585585585587,24.684684684684687,30.270270270270274,33.33333333333334
502671,"Goldschmidt, Paul",2024,26.3,1.84,2.28,4.12,7.129455909943722,21.76360225140713,28.89305816135085,28.98686679174483
514888,"Altuve, Jose",2023,26.9,1.76,2.15,3.91,43.513513513513516,35.4054054054054,78.91891891891892,78.82882882882883
514888,"Altuve, Jose",2024,27.1,1.76,2.14,3.9,37.05440900562852,40.33771106941838,77.3921200750469,80.95684803001876
514888,"Altuve, Jose",2025,26.9,1.8,2.2,4.0,14.663023679417115,34.06193078324226,48.724954462659376,52.459016393442624
516782,"Marte, Starling",2023,27.1,1.79,2.18,3.97,21.711711711711708,40.090090090090094,61.8018018018018,65.4054054054054
516782,"Marte, Starling",2024,27.1,1.78,2.17,3.95,25.703564727954976,40.33771106941838,66.04127579737336,68.57410881801125
518692,"Freeman, Freddie",2023,26.7,1.8,2.28,4.08,22.34234234234234,32.16216216216216,54.5045045045045,37.027027027027025
518692,"Freeman, Freddie",2024,25.8,1.81,2.36,4.17,33.583489681050665,14.634146341463413,48.21763602251408,19.136960600375232
542932,"Berti, Jon",2023,29.3,1.75,2.1,3.85,-9.369369369369366,93.96396396396396,84.5945945945946,92.16216216216216
542932,"Berti, Jon",2025,28.3,1.76,2.15,3.91,2.367941712204015,73.67941712204006,76.04735883424408,75.68306010928961
543760,"Semien, Marcus",2023,28.7,1.77,2.14,3.91,-11.08108108108108,84.14414414414414,73.06306306306305,78.82882882882883
543760,"Semien, Marcus",2024,28.5,1.77,2.14,3.91,-9.943714821763606,81.51969981238274,71.57598499061913,79.08067542213884
543760,"Semien, Marcus",2025,28.5,1.78,2.13,3.91,-17.66848816029144,79.78142076502732,62.11293260473588,75.68306010928961
543807,"Springer, George",2023,27.8,1.8,2.15,3.95,-7.117117117117125,61.62162162162163,54.5045045045045,69.81981981981981
543807,"Springer, George",2024,28.1,1.81,2.16,3.97,-22.701688555347083,70.91932457786116,48.21763602251408,63.227016885553475
543807,"Springer, George",2025,28.0,1.81,2.18,3.99,-22.131147540983612,64.57194899817851,42.4408014571949,54.91803278688525
545121,"Vargas, Ildemaro",2024,26.7,1.79,2.31,4.1,29.64352720450281,30.206378986866795,59.849906191369605,31.801125703564722
547180,"Harper, Bryce",2023,27.6,1.77,2.23,4.0,18.378378378378372,54.68468468468468,73.06306306306305,58.648648648648646
547180,"Harper, Bryce",2024,27.4,1.79,2.23,4.02,11.069418386491556,48.78048780487805,59.849906191369605,50.0
547180,"Harper, Bryce",2025,27.0,1.8,2.25,4.05,11.293260473588333,37.43169398907104,48.724954462659376,39.98178506375227
572191,"Taylor, Michael A.",2023,28.7,1.74,2.11,3.85,4.774774774774784,84.14414414414414,88.91891891891892,92.16216216216216
572191,"Taylor, Michael A.",2024,28.5,1.75,2.12,3.87,0.9380863039399543,81.51969981238274,82.4577861163227,87.4296435272045
572191,"Taylor, Michael A.",2025,27.8,1.78,2.17,3.95,2.9143897996356998,59.19854280510018,62.11293260473588,64.75409836065575
572233,"Walker, Christian",2023,26.4,1.87,2.3,4.17,-8.828828828828822,24.684684684684687,15.855855855855864,18.91891891891892
592192,"Canha, Mark",2023,27.8,1.82,2.21,4.03,-20.000000000000007,61.62162162162163,41.62162162162162,47.83783783783784
592206,"Castellanos, Nick",2023,27.2,1.85,2.25,4.1,-17.83783783783783,43.42342342342342,25.58558558558559,33.33333333333334
592450,"Judge, Aaron",2024,26.8,1.82,2.27,4.09,8.161350844277678,33.20825515947467,41.369606003752345,32.833020637898684
592450,"Judge, Aaron",2025,27.1,1.8,2.24,4.04,7.6502732240437155,41.07468123861566,48.724954462659376,41.62112932604736
592518,"Machado, Manny",2024,25.8,1.86,2.3,4.16,4.409005628517825,14.634146341463413,19.04315196998124,21.10694183864915
592518,"Machado, Manny",2025,25.8,1.88,2.29,4.17,-2.1857923497267855,11.839708561020036,9.65391621129325,17.30418943533698
592626,"Pederson, Joc",2024,25.5,1.83,2.34,4.17,23.733583489681052,10.600375234521577,34.33395872420263,19.136960600375232
592663,"Realmuto, J.T.",2023,28.6,1.8,2.14,3.94,-27.20720720720721,81.71171171171171,54.5045045045045,71.8018018018018
592663,"Realmuto, J.T.",2025,28.4,1.81,2.17,3.98,-34.51730418943533,76.95810564663023,42.4408014571949,57.5591985428051
592696,"Rosario, Eddie",2024,27.3,1.75,2.19,3.94,36.58536585365853,45.872420262664164,82.4577861163227,71.76360225140712
592885,"Yelich, Christian",2023,28.1,1.73,2.14,3.87,21.44144144144144,70.54054054054055,91.98198198198199,87.83783783783784
592885,"Yelich, Christian",2024,28.5,1.74,2.12,3.86,5.44090056285178,81.51969981238274,86.96060037523452,89.9624765478424
592885,"Yelich, Christian",2025,28.2,1.74,2.17,3.91,16.939890710382528,70.58287795992713,87.52276867030966,75.68306010928961
593160,"Merrifield, Whit",2023,28.8,1.85,2.16,4.01,-61.08108108108108,86.66666666666667,25.58558558558559,55.4054054054054
593160,"Merrifield, Whit",2024,29.0,1.83,2.14,3.97,-57.129455909943715,91.46341463414635,34.33395872420263,63.227016885553475
593428,"Bogaerts, Xander",2023,27.6,1.83,2.21,4.04,-18.738738738738732,54.68468468468468,35.94594594594595,45.22522522522523
593428,"Bogaerts, Xander",2024,27.4,1.83,2.21,4.04,-14.446529080675418,48.78048780487805,34.33395872420263,44.18386491557224
593428,"Bogaerts, Xander",2025,27.6,1.83,2.2,4.03,-22.49544626593807,52.9143897996357,30.41894353369763,44.35336976320583
595281,"Kiermaier, Kevin",2023,28.8,1.76,2.15,3.91,-7.747747747747752,86.66666666666667,78.91891891891892,78.82882882882883
595777,"Profar, Jurickson",2024,26.5,1.8,2.24,4.04,28.517823639774857,25.422138836772984,53.93996247654784,44.18386491557224
595777,"Profar, Jurickson",2025,26.3,1.84,2.26,4.1,3.0965391621129363,21.85792349726776,24.954462659380695,28.688524590163937
595879,"Báez, Javier",2023,28.1,1.83,2.19,4.02,-34.5945945945946,70.54054054054055,35.94594594594595,51.62162162162162
596019,"Lindor, Francisco",2023,28.1,1.81,2.16,3.97,-22.88288288288289,70.54054054054055,47.65765765765766,65.4054054054054
596019,"Lindor, Francisco",2024,27.6,1.84,2.18,4.02,-26.923076923076913,55.81613508442776,28.89305816135085,50.0
596019,"Lindor, Francisco",2025,27.4,1.82,2.19,4.01,-10.291438979963566,46.81238615664845,36.520947176684885,49.81785063752277
596115,"Story, Trevor",2023,28.8,1.77,2.11,3.88,-13.603603603603617,86.66666666666667,73.06306306306305,85.58558558558559
596115,"Story, Trevor",2025,28.6,1.77,2.13,3.9,-12.112932604735889,81.78506375227687,69.67213114754098,79.23497267759564
605141,"Betts, Mookie",2023,27.2,1.79,2.21,4.0,18.37837837837838,43.42342342342342,61.8018018018018,58.648648648648646
605141,"Betts, Mookie",2024,26.7,1.82,2.25,4.07,11.16322701688555,30.206378986866795,41.369606003752345,36.491557223264536
605141,"Betts, Mookie",2025,26.9,1.82,2.23,4.05,2.4590163934426243,34.06193078324226,36.520947176684885,39.98178506375227
606132,"Tapia, Raimel",2023,28.7,1.72,2.14,3.86,10.900900900900908,84.14414414414414,95.04504504504504,90.09009009009009
606192,"Hernández, Teoscar",2024,28.6,1.82,2.13,3.95,-42.4953095684803,83.86491557223265,41.369606003752345,68.57410881801125
606466,"Marte, Ketel",2023,27.7,1.75,2.22,3.97,26.306306306306304,58.28828828828829,84.5945945945946,65.4054054054054
607043,"Nimmo, Brandon",2024,28.0,1.74,2.14,3.88,19.04315196998124,67.91744840525328,86.96060037523452,84.9906191369606
607043,"Nimmo, Brandon",2025,27.3,1.76,2.22,3.98,31.23861566484517,44.80874316939891,76.04735883424408,57.5591985428051
607054,"Peterson, Jace",2023,28.0,1.79,2.23,4.02,-5.135135135135144,66.93693693693695,61.8018018018018,51.62162162162162
607208,"Turner, Trea",2023,30.3,1.77,2.01,3.78,-26.30630630630631,99.36936936936937,73.06306306306305,98.10810810810811
607208,"Turner, Trea",2024,29.6,1.79,2.03,3.82,-36.21013133208255,96.06003752345215,59.849906191369605,93.99624765478424
607208,"Turner, Trea",2025,30.3,1.78,2.02,3.8,-37.88706739526412,100.0,62.11293260473588,95.71948998178506
607208,"Turner, Trea",2026,30.0,1.78,2.03,3.81,-36.50137741046833,98.89807162534436,62.39669421487603,94.62809917355372
607680,"Pillar, Kevin",2024,28.4,1.85,2.17,4.02,-54.78424015009381,78.70544090056285,23.92120075046904,50.0
608070,"Ramírez, José",2023,27.8,1.77,2.14,3.91,11.441441441441427,61.62162162162163,73.06306306306305,78.82882882882883
608070,"Ramírez, José",2024,28.2,1.79,2.12,3.91,-13.696060037523445,73.54596622889305,59.849906191369605,79.08067542213884
608070,"Ramírez, José",2025,28.4,1.75,2.14,3.89,5.464480874316948,76.95810564663023,82.42258652094718,82.51366120218579
608070,"Ramírez, José",2026,27.3,1.76,2.18,3.94,26.03305785123967,49.586776859504134,75.6198347107438,72.72727272727273
608385,"Winker, Jesse",2024,26.1,1.8,2.33,4.13,34.8030018761726,19.136960600375236,53.93996247654784,26.829268292682926
608671,"Jankowski, Travis",2023,29.0,1.68,2.1,3.78,9.369369369369366,90.09009009009009,99.45945945945945,98.10810810810811
608671,"Jankowski, Travis",2024,28.5,1.68,2.1,3.78,17.729831144465294,81.51969981238274,99.24953095684803,96.99812382739212
621020,"Swanson, Dansby",2023,28.4,1.79,2.13,3.92,-15.49549549549549,77.29729729729729,61.8018018018018,76.3963963963964
621020,"Swanson, Dansby",2024,27.8,1.81,2.16,3.97,-13.414634146341449,61.63227016885553,48.21763602251408,63.227016885553475
621020,"Swanson, Dansby",2025,28.5,1.8,2.15,3.95,-31.056466302367944,79.78142076502732,48.724954462659376,64.75409836065575
621035,"Taylor, Chris",2023,28.3,1.84,2.18,4.02,-44.864864864864856,75.13513513513513,30.270270270270274,51.62162162162162
621438,"Taylor, Tyrone",2024,28.9,1.77,2.11,3.88,-18.48030018761726,90.0562851782364,71.57598499061913,84.9906191369606
621438,"Taylor, Tyrone",2025,29.3,1.78,2.11,3.89,-31.876138433515486,93.98907103825137,62.11293260473588,82.51366120218579
621439,"Buxton, Byron",2025,30.2,1.75,2.03,3.78,-17.213114754098356,99.63570127504553,82.42258652094718,97.72313296903461
621493,"Ward, Taylor",2024,26.8,1.83,2.2,4.03,1.1257035647279636,33.20825515947467,34.33395872420263,46.99812382739212
622534,"Margot, Manuel",2023,28.3,1.82,2.15,3.97,-33.51351351351351,75.13513513513513,41.62162162162162,65.4054054054054
622761,"Mateo, Jorge",2023,30.1,1.77,2.06,3.83,-25.765765765765778,98.82882882882883,73.06306306306305,94.23423423423424
622761,"Mateo, Jorge",2024,29.9,1.76,2.05,3.81,-21.200750469043157,98.59287054409006,77.3921200750469,95.0281425891182
622761,"Mateo, Jorge",2025,29.3,1.75,2.06,3.81,-11.56648451730419,93.98907103825137,82.42258652094718,94.53551912568307
624428,"Frazier, Adam",2023,26.5,1.79,2.32,4.11,34.05405405405405,27.74774774774775,61.8018018018018,30.900900900900893
624428,"Frazier, Adam",2025,26.6,1.78,2.3,4.08,35.06375227686703,27.049180327868854,62.11293260473588,33.51548269581056
624503,"Gordon, Nick",2024,27.7,1.75,2.23,3.98,23.82739212007504,58.630393996247655,82.4577861163227,60.131332082551594
640492,"Azócar, José",2023,29.6,1.79,2.07,3.86,-34.50450450450451,96.30630630630631,61.8018018018018,90.09009009009009
641313,"Anderson, Tim",2023,27.2,1.83,2.22,4.05,-7.477477477477471,43.42342342342342,35.94594594594595,43.06306306306307
641343,"Bauers, Jake",2024,27.2,1.78,2.21,3.99,22.983114446529086,43.05816135084427,66.04127579737336,57.59849906191369
641355,"Bellinger, Cody",2023,28.3,1.74,2.18,3.92,13.78378378378379,75.13513513513513,88.91891891891892,76.3963963963964
641355,"Bellinger, Cody",2024,28.4,1.73,2.17,3.9,13.03939962476548,78.70544090056285,91.74484052532833,80.95684803001876
641355,"Bellinger, Cody",2025,28.2,1.75,2.15,3.9,11.839708561020046,70.58287795992713,82.42258652094718,79.23497267759564
641584,"Fraley, Jake",2023,28.0,1.71,2.16,3.87,30.450450450450447,66.93693693693695,97.38738738738739,87.83783783783784
641584,"Fraley, Jake",2024,28.3,1.69,2.13,3.82,22.13883677298311,76.07879924953096,98.21763602251407,93.99624765478424
641857,"McMahon, Ryan",2023,25.8,1.8,2.37,4.17,41.8018018018018,12.702702702702704,54.5045045045045,18.91891891891892
641857,"McMahon, Ryan",2024,25.9,1.79,2.38,4.17,43.52720450281426,16.322701688555348,59.849906191369605,19.136960600375232
642201,"White, Eli",2025,29.9,1.75,2.06,3.81,-16.120218579234972,98.54280510018215,82.42258652094718,94.53551912568307
642350,"Siri, Jose",2023,29.7,1.79,2.04,3.83,-35.225225225225216,97.02702702702702,61.8018018018018,94.23423423423424
642350,"Siri, Jose",2024,29.9,1.78,2.07,3.85,-32.5515947467167,98.59287054409006,66.04127579737336,91.36960600375235
642708,"Rosario, Amed",2023,29.4,1.81,2.11,3.92,-47.2972972972973,94.95495495495496,47.65765765765766,76.3963963963964
642708,"Rosario, Amed",2024,29.0,1.83,2.12,3.95,-57.129455909943715,91.46341463414635,34.33395872420263,68.57410881801125
642715,"Adames, Willy",2024,27.4,1.83,2.17,4.0,-14.446529080675418,48.78048780487805,34.33395872420263,54.78424015009381
642715,"Adames, Willy",2025,28.0,1.82,2.19,4.01,-28.051001821493628,64.57194899817851,36.520947176684885,49.81785063752277
642731,"Estrada, Thairo",2023,28.1,1.8,2.16,3.96,-16.036036036036045,70.54054054054055,54.5045045045045,67.65765765765765
643217,"Benintendi, Andrew",2023,27.3,1.75,2.22,3.97,37.92792792792793,46.666666666666664,84.5945945945946,65.4054054054054
643393,"Kemp, Tony",2023,26.2,1.76,2.34,4.1,58.82882882882883,20.09009009009009,78.91891891891892,33.33333333333334
643396,"Kiner-Falefa, Isiah",2023,27.7,1.82,2.21,4.03,-16.66666666666667,58.28828828828829,41.62162162162162,47.83783783783784
643396,"Kiner-Falefa, Isiah",2024,27.8,1.83,2.23,4.06,-27.298311444652896,61.63227016885553,34.33395872420263,39.02439024390244
643396,"Kiner-Falefa, Isiah",2025,27.4,1.82,2.25,4.07,-10.291438979963566,46.81238615664845,36.520947176684885,35.79234972677595
643446,"McNeil, Jeff",2023,27.4,1.78,2.22,4.0,18.108108108108105,49.81981981981982,67.92792792792793,58.648648648648646
645277,"Albies, Ozzie",2023,27.6,1.72,2.18,3.9,40.36036036036036,54.68468468468468,95.04504504504504,81.44144144144144
645277,"Albies, Ozzie",2025,27.2,1.76,2.21,3.97,32.87795992714025,43.169398907103826,76.04735883424408,60.38251366120219
645302,"Robles, Victor",2024,27.8,1.79,2.14,3.93,-1.7823639774859217,61.63227016885553,59.849906191369605,74.67166979362102
647304,"Naylor, Josh",2023,25.8,1.83,2.33,4.16,23.24324324324325,12.702702702702704,35.94594594594595,21.08108108108108
647304,"Naylor, Josh",2025,24.4,1.87,2.44,4.31,11.020036429872501,1.912568306010929,12.93260473588343,5.282331511839715
647304,"Naylor, Josh",2026,24.5,1.84,2.34,4.18,21.625344352617084,1.9283746556473829,23.553719008264466,17.493112947658403
650333,"Arraez, Luis",2024,26.7,1.77,2.27,4.04,41.36960600375234,30.206378986866795,71.57598499061913,44.18386491557224
650333,"Arraez, Luis",2025,26.5,1.79,2.26,4.05,30.145719489981786,24.772313296903462,54.91803278688525,39.98178506375227
650402,"Torres, Gleyber",2023,26.4,1.87,2.29,4.16,-8.828828828828822,24.684684684684687,15.855855855855864,21.08108108108108
650489,"Castro, Willi",2023,28.6,1.82,2.13,3.95,-40.090090090090094,81.71171171171171,41.62162162162162,69.81981981981981
650489,"Castro, Willi",2024,27.9,1.84,2.16,4.0,-35.92870544090056,64.82176360225141,28.89305816135085,54.78424015009381
650489,"Castro, Willi",2025,28.2,1.75,2.15,3.9,11.839708561020046,70.58287795992713,82.42258652094718,79.23497267759564
650859,"Rengifo, Luis",2023,27.4,1.77,2.21,3.98,23.243243243243235,49.81981981981982,73.06306306306305,62.972972972972975
650859,"Rengifo, Luis",2024,26.9,1.79,2.24,4.03,23.921200750469048,35.92870544090056,59.849906191369605,46.99812382739212
650859,"Rengifo, Luis",2025,27.0,1.78,2.25,4.03,24.68123861566484,37.43169398907104,62.11293260473588,44.35336976320583
656305,"Chapman, Matt",2024,28.7,1.79,2.15,3.94,-25.98499061913696,85.83489681050656,59.849906191369605,71.76360225140712
656305,"Chapman, Matt",2025,28.1,1.81,2.18,3.99,-24.954462659380688,67.39526411657559,42.4408014571949,54.91803278688525
656413,"Fairchild, Stuart",2023,29.2,1.75,2.12,3.87,-7.927927927927925,92.52252252252252,84.5945945945946,87.83783783783784
656413,"Fairchild, Stuart",2024,29.1,1.76,2.13,3.89,-14.915572232645403,92.3076923076923,77.3921200750469,83.11444652908068
656716,"McKinstry, Zach",2023,28.5,1.78,2.16,3.94,-11.441441441441441,79.36936936936937,67.92792792792793,71.8018018018018
656716,"McKinstry, Zach",2024,28.4,1.77,2.16,3.93,-7.129455909943715,78.70544090056285,71.57598499061913,74.67166979362102
656716,"McKinstry, Zach",2025,28.3,1.76,2.17,3.93,2.367941712204015,73.67941712204006,76.04735883424408,70.49180327868852
656775,"Mullins, Cedric",2023,28.0,1.73,2.17,3.9,25.045045045045043,66.93693693693695,91.98198198198199,81.44144144144144
656775,"Mullins, Cedric",2024,28.3,1.71,2.15,3.86,20.356472795497183,76.07879924953096,96.43527204502814,89.9624765478424
656775,"Mullins, Cedric",2025,28.4,1.72,2.13,3.85,17.486338797814213,76.95810564663023,94.44444444444444,89.79963570127505
656775,"Mullins, Cedric",2026,27.4,1.72,2.25,3.97,42.837465564738295,52.47933884297521,95.3168044077135,63.22314049586777
656941,"Schwarber, Kyle",2025,25.9,1.79,2.3,4.09,41.712204007285976,13.20582877959927,54.91803278688525,31.23861566484517
657041,"Thomas, Lane",2023,29.3,1.79,2.1,3.89,-32.16216216216216,93.96396396396396,61.8018018018018,83.6036036036036
657041,"Thomas, Lane",2024,29.3,1.79,2.1,3.89,-33.95872420262665,93.80863039399625,59.849906191369605,83.11444652908068
657136,"Wong, Connor",2023,28.3,1.79,2.17,3.96,-13.333333333333329,75.13513513513513,61.8018018018018,67.65765765765765
657136,"Wong, Connor",2024,28.4,1.79,2.16,3.95,-18.855534709193243,78.70544090056285,59.849906191369605,68.57410881801125
657656,"Laureano, Ramón",2023,27.9,1.78,2.19,3.97,3.873873873873876,64.05405405405405,67.92792792792793,65.4054054054054
657656,"Laureano, Ramón",2024,27.8,1.78,2.19,3.97,4.409005628517832,61.63227016885553,66.04127579737336,63.227016885553475
657656,"Laureano, Ramón",2025,27.8,1.79,2.17,3.96,-4.280510018214933,59.19854280510018,54.91803278688525,62.659380692167574
658668,"Olivares, Edward",2023,28.6,1.78,2.15,3.93,-13.78378378378379,81.71171171171171,67.92792792792793,73.87387387387388
660271,"Ohtani, Shohei",2023,27.8,1.74,2.16,3.9,27.29729729729729,61.62162162162163,88.91891891891892,81.44144144144144
660271,"Ohtani, Shohei",2024,28.1,1.71,2.15,3.86,25.51594746716698,70.91932457786116,96.43527204502814,89.9624765478424
660271,"Ohtani, Shohei",2025,28.0,1.72,2.17,3.89,29.87249544626593,64.57194899817851,94.44444444444444,82.51366120218579
660644,"Bruján, Vidal",2024,27.5,1.75,2.2,3.95,30.112570356472787,52.34521575984991,82.4577861163227,68.57410881801125
660670,"Acuña Jr., Ronald",2023,28.0,1.75,2.12,3.87,17.65765765765765,66.93693693693695,84.5945945945946,87.83783783783784
660670,"Acuña Jr., Ronald",2024,27.7,1.76,2.17,3.93,18.76172607879925,58.630393996247655,77.3921200750469,74.67166979362102
660670,"Acuña Jr., Ronald",2025,27.9,1.78,2.14,3.92,0.0,62.11293260473588,62.11293260473588,72.95081967213115
660670,"Acuña Jr., Ronald",2026,27.1,1.77,2.16,3.93,26.033057851239676,43.388429752066116,69.42148760330579,74.3801652892562
660821,"Sánchez, Jesús",2024,27.2,1.76,2.2,3.96,34.33395872420263,43.05816135084427,77.3921200750469,65.85365853658536
660821,"Sánchez, Jesús",2025,27.0,1.75,2.22,3.97,44.990892531876135,37.43169398907104,82.42258652094718,60.38251366120219
661388,"Contreras, William",2024,26.4,1.84,2.24,4.08,5.253283302063796,23.639774859287055,28.89305816135085,34.33395872420263
661388,"Contreras, William",2025,26.2,1.84,2.25,4.09,4.918032786885249,20.036429872495447,24.954462659380695,31.23861566484517
662139,"Varsho, Daulton",2023,28.1,1.74,2.17,3.91,18.378378378378372,70.54054054054055,88.91891891891892,78.82882882882883
662139,"Varsho, Daulton",2024,28.5,1.77,2.15,3.92,-9.943714821763606,81.51969981238274,71.57598499061913,77.3921200750469
663368,"Perkins, Blake",2024,29.6,1.69,2.1,3.79,2.157598499061919,96.06003752345215,98.21763602251407,96.52908067542214
663457,"Nootbaar, Lars",2023,27.8,1.77,2.21,3.98,11.441441441441427,61.62162162162163,73.06306306306305,62.972972972972975
663457,"Nootbaar, Lars",2024,27.0,1.81,2.25,4.06,10.131332082551602,38.08630393996248,48.21763602251408,39.02439024390244
663538,"Hoerner, Nico",2023,28.5,1.78,2.14,3.92,-11.441441441441441,79.36936936936937,67.92792792792793,76.3963963963964
663538,"Hoerner, Nico",2024,28.4,1.8,2.14,3.94,-24.765478424015008,78.70544090056285,53.93996247654784,71.76360225140712
663538,"Hoerner, Nico",2025,28.6,1.79,2.13,3.92,-26.86703096539162,81.78506375227687,54.91803278688525,72.95081967213115
663538,"Hoerner, Nico",2026,28.3,1.81,2.16,3.97,-35.261707988980724,77.54820936639119,42.28650137741047,63.22314049586777
663604,"Lockridge, Brandon",2025,30.1,1.75,2.05,3.8,-16.66666666666667,99.08925318761385,82.42258652094718,95.71948998178506
663611,"Madrigal, Nick",2023,28.0,1.78,2.17,3.95,0.99099099099098,66.93693693693695,67.92792792792793,69.81981981981981
663647,"Hayes, Ke'Bryan",2023,27.1,1.84,2.23,4.07,-9.81981981981982,40.090090090090094,30.270270270270274,38.82882882882883
663647,"Hayes, Ke'Bryan",2024,26.4,1.85,2.29,4.14,0.2814258911819856,23.639774859287055,23.92120075046904,24.577861163227027
663647,"Hayes, Ke'Bryan",2025,27.2,1.83,2.25,4.08,-12.750455373406197,43.169398907103826,30.41894353369763,33.51548269581056
663656,"Tucker, Kyle",2023,26.6,1.77,2.26,4.03,43.063063063063055,30.0,73.06306306306305,47.83783783783784
663656,"Tucker, Kyle",2024,26.0,1.8,2.27,4.07,36.02251407129456,17.917448405253282,53.93996247654784,36.491557223264536
663656,"Tucker, Kyle",2025,26.5,1.79,2.31,4.1,30.145719489981786,24.772313296903462,54.91803278688525,28.688524590163937
663697,"India, Jonathan",2023,27.8,1.86,2.19,4.05,-40.630630630630634,61.62162162162163,20.990990990990994,43.06306306306307
663697,"India, Jonathan",2024,28.0,1.85,2.17,4.02,-43.99624765478424,67.91744840525328,23.92120075046904,50.0
663728,"Raleigh, Cal",2025,26.0,1.83,2.34,4.17,14.84517304189435,15.573770491803279,30.41894353369763,17.30418943533698
663757,"Grisham, Trent",2023,27.7,1.73,2.16,3.89,33.693693693693696,58.28828828828829,91.98198198198199,83.6036036036036
663837,"Vierling, Matt",2023,29.1,1.81,2.12,3.93,-43.60360360360361,91.26126126126127,47.65765765765766,73.87387387387388
663853,"Gonzalez, Romy",2024,28.9,1.75,2.12,3.87,-7.598499061913699,90.0562851782364,82.4577861163227,87.4296435272045
663853,"Gonzalez, Romy",2025,28.3,1.77,2.13,3.9,-4.007285974499084,73.67941712204006,69.67213114754098,79.23497267759564
663968,"Mangum, Jake",2025,29.1,1.75,2.11,3.86,-8.469945355191257,90.89253187613843,82.42258652094718,88.06921675774134
664023,"Happ, Ian",2023,27.7,1.78,2.19,3.97,9.639639639639633,58.28828828828829,67.92792792792793,65.4054054054054
664023,"Happ, Ian",2024,27.9,1.78,2.17,3.95,1.2195121951219505,64.82176360225141,66.04127579737336,68.57410881801125
664056,"Bader, Harrison",2023,28.8,1.77,2.11,3.88,-13.603603603603617,86.66666666666667,73.06306306306305,85.58558558558559
664056,"Bader, Harrison",2024,28.2,1.77,2.15,3.92,-1.9699812382739168,73.54596622889305,71.57598499061913,77.3921200750469
664056,"Bader, Harrison",2025,28.8,1.77,2.08,3.85,-15.573770491803273,85.24590163934425,69.67213114754098,89.79963570127505
664059,"Haggerty, Sam",2023,29.2,1.76,2.11,3.87,-13.603603603603602,92.52252252252252,78.91891891891892,87.83783783783784
664059,"Haggerty, Sam",2025,28.9,1.76,2.1,3.86,-11.02003642987249,87.06739526411657,76.04735883424408,88.06921675774134
664238,"Moore, Dylan",2023,27.7,1.82,2.22,4.04,-16.66666666666667,58.28828828828829,41.62162162162162,45.22522522522523
664238,"Moore, Dylan",2024,28.0,1.83,2.2,4.03,-33.58348968105065,67.91744840525328,34.33395872420263,46.99812382739212
664238,"Moore, Dylan",2025,27.7,1.83,2.22,4.05,-25.774134790528237,56.193078324225866,30.41894353369763,39.98178506375227
664702,"Straw, Myles",2023,29.2,1.76,2.09,3.85,-13.603603603603602,92.52252252252252,78.91891891891892,92.16216216216216
664702,"Straw, Myles",2025,29.4,1.77,2.07,3.84,-25.500910746812394,95.17304189435337,69.67213114754098,91.53005464480874
664728,"Isbel, Kyle",2024,27.9,1.72,2.18,3.9,30.1125703564728,64.82176360225141,94.93433395872421,80.95684803001876
664983,"McCarthy, Jake",2023,30.0,1.72,2.06,3.78,-3.1531531531531556,98.1981981981982,95.04504504504504,98.10810810810811
664983,"McCarthy, Jake",2024,29.8,1.72,2.08,3.8,-3.001876172607865,97.93621013133207,94.93433395872421,95.87242026266416
664983,"McCarthy, Jake",2026,29.8,1.74,2.07,3.81,-11.15702479338843,98.07162534435263,86.9146005509642,94.62809917355372
665161,"Peña, Jeremy",2023,29.4,1.76,2.08,3.84,-16.036036036036037,94.95495495495496,78.91891891891892,93.33333333333333
665161,"Peña, Jeremy",2024,29.8,1.74,2.07,3.81,-10.975609756097555,97.93621013133207,86.96060037523452,95.0281425891182
665161,"Peña, Jeremy",2025,29.6,1.76,2.07,3.83,-20.76502732240438,96.81238615664846,76.04735883424408,92.9872495446266
665487,"Tatis Jr., Fernando",2023,29.3,1.79,2.11,3.9,-32.16216216216216,93.96396396396396,61.8018018018018,81.44144144144144
665487,"Tatis Jr., Fernando",2024,28.4,1.79,2.13,3.92,-18.855534709193243,78.70544090056285,59.849906191369605,77.3921200750469
665487,"Tatis Jr., Fernando",2025,28.6,1.8,2.13,3.93,-33.06010928961749,81.78506375227687,48.724954462659376,70.49180327868852
665487,"Tatis Jr., Fernando",2026,28.8,1.8,2.12,3.92,-38.56749311294765,88.70523415977961,50.137741046831955,76.72176308539945
665742,"Soto, Juan",2023,26.8,1.8,2.24,4.04,20.54054054054054,33.96396396396396,54.5045045045045,45.22522522522523
665742,"Soto, Juan",2024,26.8,1.79,2.23,4.02,26.641651031894938,33.20825515947467,59.849906191369605,50.0
665742,"Soto, Juan",2025,25.8,1.85,2.33,4.18,8.105646630236802,11.839708561020036,19.945355191256837,16.48451730418944
665750,"Taveras, Leody",2023,29.1,1.79,2.07,3.86,-29.459459459459467,91.26126126126127,61.8018018018018,90.09009009009009
665750,"Taveras, Leody",2024,28.5,1.79,2.09,3.88,-21.669793621013135,81.51969981238274,59.849906191369605,84.9906191369606
665750,"Taveras, Leody",2025,28.8,1.71,2.09,3.8,11.293260473588347,85.24590163934425,96.5391621129326,95.71948998178506
665833,"Cruz, Oneil",2024,28.8,1.76,2.08,3.84,-10.694183864915573,88.08630393996248,77.3921200750469,92.21388367729831
665833,"Cruz, Oneil",2025,29.2,1.76,2.08,3.84,-16.575591985428048,92.62295081967213,76.04735883424408,91.53005464480874
665833,"Cruz, Oneil",2026,28.2,1.78,2.13,3.91,-12.121212121212132,74.51790633608816,62.39669421487603,79.47658402203857
665862,"Chisholm Jr., Jazz",2023,28.4,1.72,2.14,3.86,17.747747747747752,77.29729729729729,95.04504504504504,90.09009009009009
665862,"Chisholm Jr., Jazz",2024,28.6,1.73,2.15,3.88,7.879924953095681,83.86491557223265,91.74484052532833,84.9906191369606
665862,"Chisholm Jr., Jazz",2025,27.6,1.77,2.17,3.94,16.75774134790528,52.9143897996357,69.67213114754098,67.66848816029145
665862,"Chisholm Jr., Jazz",2026,28.4,1.73,2.15,3.88,11.432506887052341,79.75206611570248,91.18457300275482,85.81267217630854
665923,"Ruiz, Esteury",2023,29.6,1.73,2.06,3.79,-4.324324324324323,96.30630630630631,91.98198198198199,97.29729729729729
665926,"Giménez, Andrés",2023,29.2,1.74,2.14,3.88,-3.6036036036036023,92.52252252252252,88.91891891891892,85.58558558558559
665926,"Giménez, Andrés",2024,28.9,1.73,2.14,3.87,1.6885553470919348,90.0562851782364,91.74484052532833,87.4296435272045
665926,"Giménez, Andrés",2025,28.0,1.73,2.16,3.89,26.684881602914388,64.57194899817851,91.2568306010929,82.51366120218579
666134,"Jones, Nolan",2023,28.4,1.74,2.19,3.93,11.621621621621628,77.29729729729729,88.91891891891892,73.87387387387388
666134,"Jones, Nolan",2025,27.6,1.78,2.29,4.07,9.198542805100182,52.9143897996357,62.11293260473588,35.79234972677595
666139,"Lowe, Josh",2023,28.7,1.72,2.11,3.83,10.900900900900908,84.14414414414414,95.04504504504504,94.23423423423424
666139,"Lowe, Josh",2024,28.4,1.73,2.1,3.83,13.03939962476548,78.70544090056285,91.74484052532833,93.15196998123827
666139,"Lowe, Josh",2025,28.1,1.75,2.17,3.92,15.027322404371589,67.39526411657559,82.42258652094718,72.95081967213115
666149,"Fitzgerald, Tyler",2024,30.0,1.73,2.03,3.76,-7.504690431519705,99.24953095684803,91.74484052532833,97.93621013133209
666149,"Fitzgerald, Tyler",2025,29.6,1.77,2.09,3.86,-27.140255009107477,96.81238615664846,69.67213114754098,88.06921675774134
666152,"Hamilton, David",2024,29.4,1.68,2.07,3.75,4.59662288930582,94.65290806754221,99.24953095684803,98.59287054409006
666152,"Hamilton, David",2025,29.3,1.71,2.08,3.79,2.5500910746812337,93.98907103825137,96.5391621129326,96.90346083788707
666152,"Hamilton, David",2026,29.4,1.68,2.06,3.74,3.7190082644628006,94.76584022038568,98.48484848484848,99.0358126721763
666160,"Moniak, Mickey",2024,28.6,1.74,2.13,3.87,3.0956848030018733,83.86491557223265,86.96060037523452,87.4296435272045
666160,"Moniak, Mickey",2025,28.5,1.74,2.13,3.87,7.741347905282339,79.78142076502732,87.52276867030966,85.97449908925319
666176,"Adell, Jo",2024,28.8,1.76,2.13,3.89,-10.694183864915573,88.08630393996248,77.3921200750469,83.11444652908068
666181,"Benson, Will",2023,28.8,1.75,2.12,3.87,-2.072072072072075,86.66666666666667,84.5945945945946,87.83783783783784
666181,"Benson, Will",2024,28.8,1.73,2.12,3.85,3.6585365853658516,88.08630393996248,91.74484052532833,91.36960600375235
666624,"Morel, Christopher",2024,27.3,1.82,2.18,4.0,-4.502814258911819,45.872420262664164,41.369606003752345,54.78424015009381
666969,"García, Adolis",2023,27.3,1.79,2.16,3.95,15.135135135135137,46.666666666666664,61.8018018018018,69.81981981981981
666969,"García, Adolis",2024,26.8,1.83,2.2,4.03,1.1257035647279636,33.20825515947467,34.33395872420263,46.99812382739212
666969,"García, Adolis",2025,27.0,1.81,2.2,4.01,5.009107468123858,37.43169398907104,42.4408014571949,49.81785063752277
666971,"Gurriel Jr., Lourdes",2025,27.1,1.86,2.24,4.1,-25.227686703096545,41.07468123861566,15.846994535519116,28.688524590163937
667452,"Julks, Corey",2023,28.4,1.77,2.14,3.91,-4.234234234234236,77.29729729729729,73.06306306306305,78.82882882882883
667472,"Myers, Dane",2025,28.4,1.78,2.16,3.94,-14.845173041894348,76.95810564663023,62.11293260473588,67.66848816029145
667670,"Rooker, Brent",2024,27.6,1.81,2.17,3.98,-7.598499061913685,55.81613508442776,48.21763602251408,60.131332082551594
668227,"Arozarena, Randy",2023,28.4,1.78,2.11,3.89,-9.369369369369366,77.29729729729729,67.92792792792793,83.6036036036036
668227,"Arozarena, Randy",2024,28.1,1.77,2.15,3.92,0.6566604127579723,70.91932457786116,71.57598499061913,77.3921200750469
668227,"Arozarena, Randy",2025,27.7,1.79,2.17,3.96,-1.2750455373406169,56.193078324225866,54.91803278688525,62.659380692167574
668227,"Arozarena, Randy",2026,27.0,1.8,2.19,3.99,9.77961432506887,40.358126721763085,50.137741046831955,57.85123966942149
668715,"Steer, Spencer",2023,28.4,1.82,2.19,4.01,-35.67567567567567,77.29729729729729,41.62162162162162,55.4054054054054
668715,"Steer, Spencer",2024,28.2,1.83,2.17,4.0,-39.21200750469042,73.54596622889305,34.33395872420263,54.78424015009381
668731,"Baddoo, Akil",2023,29.0,1.71,2.11,3.82,7.297297297297305,90.09009009009009,97.38738738738739,95.31531531531532
668804,"Reynolds, Bryan",2023,27.8,1.76,2.21,3.97,17.29729729729729,61.62162162162163,78.91891891891892,65.4054054054054
668804,"Reynolds, Bryan",2024,28.0,1.8,2.18,3.98,-13.977485928705441,67.91744840525328,53.93996247654784,60.131332082551594
668885,"Martin, Austin",2024,28.3,1.78,2.19,3.97,-10.0375234521576,76.07879924953096,66.04127579737336,63.227016885553475
668885,"Martin, Austin",2025,28.3,1.78,2.15,3.93,-11.566484517304183,73.67941712204006,62.11293260473588,70.49180327868852
668885,"Martin, Austin",2026,27.8,1.79,2.22,4.01,-7.438016528925623,63.498622589531685,56.06060606060606,49.86225895316805
668904,"Lewis, Royce",2025,26.8,1.83,2.25,4.08,-1.639344262295083,32.05828779599271,30.41894353369763,33.51548269581056
668930,"Turang, Brice",2023,29.4,1.7,2.09,3.79,3.6036036036036023,94.95495495495496,98.55855855855856,97.29729729729729
668930,"Turang, Brice",2024,29.3,1.71,2.11,3.82,2.626641651031889,93.80863039399625,96.43527204502814,93.99624765478424
668930,"Turang, Brice",2025,28.9,1.72,2.11,3.83,7.377049180327873,87.06739526411657,94.44444444444444,92.9872495446266
668930,"Turang, Brice",2026,28.6,1.74,2.15,3.89,1.5151515151515298,85.39944903581267,86.9146005509642,83.33333333333334
668942,"Rojas, Josh",2023,26.7,1.79,2.26,4.05,29.63963963963964,32.16216216216216,61.8018018018018,43.06306306306307
668942,"Rojas, Josh",2024,27.0,1.8,2.25,4.05,15.853658536585364,38.08630393996248,53.93996247654784,41.55722326454033
669003,"Mitchell, Garrett",2024,29.5,1.68,2.08,3.76,4.127579737335836,95.1219512195122,99.24953095684803,97.93621013133209
669003,"Mitchell, Garrett",2026,29.7,1.7,2.08,3.78,0.41322314049585884,97.38292011019284,97.7961432506887,97.10743801652893
669004,"Melendez, MJ",2023,27.6,1.79,2.24,4.03,7.117117117117118,54.68468468468468,61.8018018018018,47.83783783783784
669016,"Marsh, Brandon",2023,28.6,1.73,2.12,3.85,10.270270270270274,81.71171171171171,91.98198198198199,92.16216216216216
669016,"Marsh, Brandon",2024,28.2,1.75,2.15,3.9,8.911819887429644,73.54596622889305,82.4577861163227,80.95684803001876
669242,"Edman, Tommy",2023,28.8,1.72,2.15,3.87,8.378378378378372,86.66666666666667,95.04504504504504,87.83783783783784
669261,"Suwinski, Jack",2023,28.6,1.72,2.13,3.85,13.333333333333329,81.71171171171171,95.04504504504504,92.16216216216216
669261,"Suwinski, Jack",2024,28.3,1.74,2.15,3.89,10.88180112570356,76.07879924953096,86.96060037523452,83.11444652908068
669289,"Espinal, Santiago",2024,27.3,1.83,2.24,4.07,-11.538461538461533,45.872420262664164,34.33395872420263,36.491557223264536
669364,"Edwards, Xavier",2024,28.4,1.73,2.14,3.87,13.03939962476548,78.70544090056285,91.74484052532833,87.4296435272045
669364,"Edwards, Xavier",2025,28.3,1.73,2.14,3.87,17.577413479052836,73.67941712204006,91.2568306010929,85.97449908925319
669364,"Edwards, Xavier",2026,28.1,1.73,2.15,3.88,19.696969696969703,71.48760330578511,91.18457300275482,85.81267217630854
669397,"Allen, Nick",2025,27.4,1.8,2.23,4.03,1.9125683060109253,46.81238615664845,48.724954462659376,44.35336976320583
669701,"Smith, Josh",2024,27.6,1.73,2.14,3.87,35.928705440900565,55.81613508442776,91.74484052532833,87.4296435272045
669701,"Smith, Josh",2025,27.5,1.72,2.18,3.9,44.89981785063752,49.544626593806925,94.44444444444444,79.23497267759564
669707,"Triolo, Jared",2025,28.8,1.79,2.16,3.95,-30.327868852459005,85.24590163934425,54.91803278688525,64.75409836065575
669743,"Call, Alex",2023,28.8,1.81,2.16,3.97,-39.00900900900901,86.66666666666667,47.65765765765766,65.4054054054054
669911,"Toglia, Michael",2024,27.4,1.78,2.25,4.03,17.26078799249531,48.78048780487805,66.04127579737336,46.99812382739212
670032,"Lopez, Nicky",2024,27.1,1.8,2.25,4.05,13.602251407129458,40.33771106941838,53.93996247654784,41.55722326454033
670042,"Raley, Luke",2023,28.8,1.73,2.12,3.85,5.315315315315317,86.66666666666667,91.98198198198199,92.16216216216216
670042,"Raley, Luke",2024,28.9,1.74,2.12,3.86,-3.0956848030018733,90.0562851782364,86.96060037523452,89.9624765478424
670156,"Mastrobuoni, Miles",2023,28.6,1.75,2.16,3.91,2.882882882882882,81.71171171171171,84.5945945945946,78.82882882882883
670764,"Walls, Taylor",2023,28.2,1.78,2.14,3.92,-5.13513513513513,73.06306306306305,67.92792792792793,76.3963963963964
670764,"Walls, Taylor",2024,27.8,1.81,2.17,3.98,-13.414634146341449,61.63227016885553,48.21763602251408,60.131332082551594
670764,"Walls, Taylor",2025,28.2,1.8,2.17,3.97,-21.857923497267755,70.58287795992713,48.724954462659376,60.38251366120219
670770,"Friedl, TJ",2023,28.3,1.72,2.14,3.86,19.909909909909913,75.13513513513513,95.04504504504504,90.09009009009009
670770,"Friedl, TJ",2024,26.5,1.77,2.27,4.04,46.153846153846146,25.422138836772984,71.57598499061913,44.18386491557224
670770,"Friedl, TJ",2025,26.7,1.75,2.26,4.01,52.732240437158474,29.690346083788704,82.42258652094718,49.81785063752277
671056,"Herrera, Iván",2025,26.3,1.84,2.31,4.15,3.0965391621129363,21.85792349726776,24.954462659380695,20.036429872495447
671218,"Ramos, Heliot",2025,27.5,1.8,2.17,3.97,-0.8196721311475486,49.544626593806925,48.724954462659376,60.38251366120219
671221,"Waters, Drew",2023,28.7,1.72,2.15,3.87,10.900900900900908,84.14414414414414,95.04504504504504,87.83783783783784
671277,"García Jr., Luis",2023,27.2,1.79,2.24,4.03,18.37837837837838,43.42342342342342,61.8018018018018,47.83783783783784
671277,"García Jr., Luis",2024,27.2,1.78,2.22,4.0,22.983114446529086,43.05816135084427,66.04127579737336,54.78424015009381
671277,"García Jr., Luis",2025,26.5,1.8,2.27,4.07,23.952641165755914,24.772313296903462,48.724954462659376,35.79234972677595
671289,"Freeman, Tyler",2024,28.2,1.79,2.18,3.97,-13.696060037523445,73.54596622889305,59.849906191369605,63.227016885553475
671289,"Freeman, Tyler",2025,28.5,1.77,2.14,3.91,-10.10928961748634,79.78142076502732,69.67213114754098,75.68306010928961
671732,"Butler, Lawrence",2024,27.6,1.75,2.2,3.95,26.64165103189493,55.81613508442776,82.4577861163227,68.57410881801125
671732,"Butler, Lawrence",2025,26.9,1.75,2.23,3.98,48.36065573770492,34.06193078324226,82.42258652094718,57.5591985428051
671739,"Harris II, Michael",2023,28.8,1.71,2.12,3.83,10.72072072072072,86.66666666666667,97.38738738738739,94.23423423423424
671739,"Harris II, Michael",2024,28.3,1.73,2.14,3.87,15.666041275797369,76.07879924953096,91.74484052532833,87.4296435272045
671739,"Harris II, Michael",2025,28.5,1.72,2.14,3.86,14.663023679417122,79.78142076502732,94.44444444444444,88.06921675774134
672279,"Siani, Michael",2024,28.3,1.73,2.16,3.89,15.666041275797369,76.07879924953096,91.74484052532833,83.11444652908068
672284,"Kelenic, Jarred",2023,28.0,1.72,2.13,3.85,28.108108108108098,66.93693693693695,95.04504504504504,92.16216216216216
672356,"Arias, Gabriel",2025,27.0,1.85,2.24,4.09,-17.486338797814206,37.43169398907104,19.945355191256837,31.23861566484517
672580,"Garcia, Maikel",2023,28.2,1.77,2.15,3.92,0.0,73.06306306306305,73.06306306306305,76.3963963963964
672580,"Garcia, Maikel",2024,27.9,1.79,2.16,3.95,-4.971857410881803,64.82176360225141,59.849906191369605,68.57410881801125
672580,"Garcia, Maikel",2025,27.9,1.79,2.16,3.95,-7.194899817850633,62.11293260473588,54.91803278688525,64.75409836065575
672640,"Lopez, Otto",2024,28.7,1.79,2.15,3.94,-25.98499061913696,85.83489681050656,59.849906191369605,71.76360225140712
672640,"Lopez, Otto",2025,28.5,1.79,2.16,3.95,-24.86338797814207,79.78142076502732,54.91803278688525,64.75409836065575
672640,"Lopez, Otto",2026,28.5,1.81,2.15,3.96,-39.94490358126722,82.23140495867769,42.28650137741047,67.07988980716254
672695,"Perdomo, Geraldo",2023,27.2,1.82,2.22,4.04,-1.8018018018018012,43.42342342342342,41.62162162162162,45.22522522522523
672695,"Perdomo, Geraldo",2024,27.0,1.84,2.32,4.16,-9.193245778611626,38.08630393996248,28.89305816135085,21.10694183864915
672695,"Perdomo, Geraldo",2025,27.2,1.84,2.22,4.06,-18.21493624772313,43.169398907103826,24.954462659380695,38.06921675774135
672695,"Perdomo, Geraldo",2026,26.8,1.88,2.27,4.15,-26.03305785123967,35.39944903581267,9.366391184573004,22.58953168044077
672761,"Pérez, Wenceel",2024,28.2,1.76,2.19,3.95,3.846153846153854,73.54596622889305,77.3921200750469,68.57410881801125
672761,"Pérez, Wenceel",2025,27.8,1.75,2.19,3.94,23.224043715846996,59.19854280510018,82.42258652094718,67.66848816029145
673357,"Robert Jr., Luis",2023,28.7,1.76,2.09,3.85,-5.225225225225216,84.14414414414414,78.91891891891892,92.16216216216216
673357,"Robert Jr., Luis",2024,28.8,1.77,2.11,3.88,-16.510318949343343,88.08630393996248,71.57598499061913,84.9906191369606
673357,"Robert Jr., Luis",2025,29.0,1.77,2.08,3.85,-19.30783242258653,88.97996357012751,69.67213114754098,89.79963570127505
673490,"Kim, Ha-Seong",2023,28.5,1.81,2.17,3.98,-31.711711711711708,79.36936936936937,47.65765765765766,62.972972972972975
673490,"Kim, Ha-Seong",2024,28.3,1.81,2.18,3.99,-27.86116322701688,76.07879924953096,48.21763602251408,57.59849906191369
673548,"Suzuki, Seiya",2023,28.5,1.79,2.14,3.93,-17.567567567567565,79.36936936936937,61.8018018018018,73.87387387387388
673548,"Suzuki, Seiya",2024,28.3,1.79,2.15,3.94,-16.228893058161354,76.07879924953096,59.849906191369605,71.76360225140712
676356,"DeLuca, Jonny",2024,29.8,1.74,2.07,3.81,-10.975609756097555,97.93621013133207,86.96060037523452,95.0281425891182
676391,"Clement, Ernie",2024,28.4,1.79,2.15,3.94,-18.855534709193243,78.70544090056285,59.849906191369605,71.76360225140712
676391,"Clement, Ernie",2025,28.6,1.78,2.13,3.91,-19.672131147540988,81.78506375227687,62.11293260473588,75.68306010928961
676475,"Burleson, Alec",2024,25.5,1.88,2.35,4.23,0.656660412757974,10.600375234521577,11.257035647279551,12.101313320825511
676609,"Caballero, José",2023,29.0,1.75,2.11,3.86,-5.49549549549549,90.09009009009009,84.5945945945946,90.09009009009009
676609,"Caballero, José",2024,28.3,1.78,2.16,3.94,-10.0375234521576,76.07879924953096,66.04127579737336,71.76360225140712
676609,"Caballero, José",2025,28.3,1.78,2.16,3.94,-11.566484517304183,73.67941712204006,62.11293260473588,67.66848816029145
676609,"Caballero, José",2026,28.2,1.79,2.18,3.97,-18.457300275482098,74.51790633608816,56.06060606060606,63.22314049586777
676694,"Meyers, Jake",2024,28.9,1.75,2.13,3.88,-7.598499061913699,90.0562851782364,82.4577861163227,84.9906191369606
676694,"Meyers, Jake",2025,28.2,1.76,2.17,3.93,5.464480874316948,70.58287795992713,76.04735883424408,70.49180327868852
676801,"McCormick, Chas",2023,28.2,1.77,2.15,3.92,0.0,73.06306306306305,73.06306306306305,76.3963963963964
676801,"McCormick, Chas",2024,28.7,1.78,2.15,3.93,-19.793621013133205,85.83489681050656,66.04127579737336,74.67166979362102
677551,"Franco, Wander",2023,27.5,1.77,2.19,3.96,20.99099099099098,52.072072072072075,73.06306306306305,67.65765765765765
677587,"Rocchio, Brayan",2024,26.8,1.81,2.3,4.11,15.00938086303941,33.20825515947467,48.21763602251408,30.769230769230774
677587,"Rocchio, Brayan",2025,27.0,1.82,2.29,4.11,-0.910746812386158,37.43169398907104,36.520947176684885,26.411657559198545
677587,"Rocchio, Brayan",2026,27.3,1.78,2.23,4.01,12.809917355371894,49.586776859504134,62.39669421487603,49.86225895316805
677594,"Rodríguez, Julio",2023,29.6,1.77,2.06,3.83,-23.243243243243256,96.30630630630631,73.06306306306305,94.23423423423424
677594,"Rodríguez, Julio",2024,29.6,1.77,2.07,3.84,-24.48405253283302,96.06003752345215,71.57598499061913,92.21388367729831
677594,"Rodríguez, Julio",2025,29.2,1.77,2.07,3.84,-22.950819672131146,92.62295081967213,69.67213114754098,91.53005464480874
677649,"Duran, Ezequiel",2023,29.1,1.78,2.11,3.89,-23.333333333333343,91.26126126126127,67.92792792792793,83.6036036036036
677649,"Duran, Ezequiel",2025,28.8,1.79,2.13,3.92,-30.327868852459005,85.24590163934425,54.91803278688525,72.95081967213115
677800,"Abreu, Wilyer",2024,27.5,1.78,2.19,3.97,13.696060037523452,52.34521575984991,66.04127579737336,63.227016885553475
677942,"Alexander, Blaze",2025,28.8,1.78,2.12,3.9,-23.132969034608372,85.24590163934425,62.11293260473588,79.23497267759564
677950,"Thomas, Alek",2023,28.8,1.74,2.14,3.88,2.252252252252248,86.66666666666667,88.91891891891892,85.58558558558559
677950,"Thomas, Alek",2025,28.3,1.75,2.17,3.92,8.743169398907114,73.67941712204006,82.42258652094718,72.95081967213115
677951,"Witt Jr., Bobby",2023,30.5,1.75,2.03,3.78,-15.22522522522523,99.81981981981983,84.5945945945946,98.10810810810811
677951,"Witt Jr., Bobby",2024,30.5,1.74,2.02,3.76,-13.03939962476548,100.0,86.96060037523452,97.93621013133209
677951,"Witt Jr., Bobby",2025,30.2,1.74,2.03,3.77,-12.112932604735875,99.63570127504553,87.52276867030966,98.17850637522768
677951,"Witt Jr., Bobby",2026,30.5,1.73,2.04,3.77,-8.815426997245183,100.0,91.18457300275482,97.65840220385675
678009,"Meadows, Parker",2024,29.3,1.72,2.08,3.8,1.1257035647279565,93.80863039399625,94.93433395872421,95.87242026266416
678225,"Bae, Ji Hwan",2023,29.7,1.71,2.05,3.76,0.36036036036037444,97.02702702702702,97.38738738738739,98.91891891891892
678662,"Tovar, Ezequiel",2023,28.1,1.8,2.19,3.99,-16.036036036036045,70.54054054054055,54.5045045045045,61.08108108108108
678662,"Tovar, Ezequiel",2024,28.1,1.81,2.17,3.98,-22.701688555347083,70.91932457786116,48.21763602251408,60.131332082551594
678882,"Rafaela, Ceddanne",2024,28.8,1.77,2.13,3.9,-16.510318949343343,88.08630393996248,71.57598499061913,80.95684803001876
678882,"Rafaela, Ceddanne",2025,29.1,1.75,2.11,3.86,-8.469945355191257,90.89253187613843,82.42258652094718,88.06921675774134
679032,"Rojas, Johan",2023,29.5,1.79,2.08,3.87,-33.78378378378379,95.58558558558559,61.8018018018018,87.83783783783784
679032,"Rojas, Johan",2024,30.1,1.75,2.06,3.81,-17.354596622889304,99.812382739212,82.4577861163227,95.0281425891182
679032,"Rojas, Johan",2025,30.1,1.77,2.04,3.81,-29.41712204007287,99.08925318761385,69.67213114754098,94.53551912568307
680118,"Blanco, Dairon",2023,30.3,1.7,2.0,3.7,-0.810810810810807,99.36936936936937,98.55855855855856,99.45945945945945
680118,"Blanco, Dairon",2024,29.6,1.73,2.04,3.77,-4.315196998123824,96.06003752345215,91.74484052532833,97.37335834896811
680474,"Schuemann, Max",2024,27.8,1.8,2.17,3.97,-7.692307692307686,61.63227016885553,53.93996247654784,63.227016885553475
680574,"McLain, Matt",2023,29.0,1.76,2.11,3.87,-11.171171171171167,90.09009009009009,78.91891891891892,87.83783783783784
680574,"McLain, Matt",2025,29.2,1.77,2.1,3.87,-22.950819672131146,92.62295081967213,69.67213114754098,85.97449908925319
680577,"Keirsey Jr., DaShawn",2025,28.5,1.67,2.1,3.77,19.67213114754098,79.78142076502732,99.4535519125683,98.17850637522768
680700,"Palacios, Richie",2024,27.9,1.76,2.18,3.94,12.570356472795496,64.82176360225141,77.3921200750469,71.76360225140712
680700,"Palacios, Richie",2026,27.0,1.75,2.24,3.99,41.46005509641873,40.358126721763085,81.81818181818181,57.85123966942149
680757,"Kwan, Steven",2023,28.1,1.72,2.16,3.88,24.504504504504496,70.54054054054055,95.04504504504504,85.58558558558559
680757,"Kwan, Steven",2024,27.1,1.73,2.22,3.95,51.407129455909946,40.33771106941838,91.74484052532833,68.57410881801125
680757,"Kwan, Steven",2025,27.3,1.73,2.18,3.91,46.44808743169399,44.80874316939891,91.2568306010929,75.68306010928961
680776,"Duran, Jarren",2023,29.5,1.71,2.09,3.8,1.8018018018018012,95.58558558558559,97.38738738738739,96.57657657657657
680776,"Duran, Jarren",2024,29.6,1.7,2.09,3.79,1.4071294559099528,96.06003752345215,97.4671669793621,96.52908067542214
680776,"Duran, Jarren",2025,29.1,1.71,2.11,3.82,5.6466302367941665,90.89253187613843,96.5391621129326,93.71584699453553
680776,"Duran, Jarren",2026,29.0,1.7,2.13,3.83,6.1983471074380105,91.59779614325069,97.7961432506887,93.52617079889808
680869,"Gelof, Zack",2023,29.0,1.78,2.12,3.9,-22.16216216216216,90.09009009009009,67.92792792792793,81.44144144144144
680869,"Gelof, Zack",2024,28.7,1.76,2.11,3.87,-8.44277673545966,85.83489681050656,77.3921200750469,87.4296435272045
680911,"Miller, Owen",2023,29.0,1.79,2.12,3.91,-28.288288288288285,90.09009009009009,61.8018018018018,78.82882882882883
680977,"Donovan, Brendan",2024,27.0,1.79,2.26,4.05,21.76360225140713,38.08630393996248,59.849906191369605,41.55722326454033
681082,"Stott, Bryson",2023,28.8,1.76,2.13,3.89,-7.747747747747752,86.66666666666667,78.91891891891892,83.6036036036036
681082,"Stott, Bryson",2024,29.1,1.75,2.13,3.88,-9.849906191369612,92.3076923076923,82.4577861163227,84.9906191369606
681082,"Stott, Bryson",2025,28.8,1.75,2.12,3.87,-2.823315118397076,85.24590163934425,82.42258652094718,85.97449908925319
681082,"Stott, Bryson",2026,28.5,1.79,2.15,3.94,-26.170798898071624,82.23140495867769,56.06060606060606,72.72727272727273
681297,"Cowser, Colton",2024,28.2,1.74,2.15,3.89,13.41463414634147,73.54596622889305,86.96060037523452,83.11444652908068
681297,"Cowser, Colton",2025,27.4,1.74,2.19,3.93,40.71038251366121,46.81238615664845,87.52276867030966,70.49180327868852
681393,"Norby, Connor",2025,28.8,1.8,2.13,3.93,-36.52094717668488,85.24590163934425,48.724954462659376,70.49180327868852
681546,"Outman, James",2023,28.9,1.71,2.11,3.82,8.558558558558559,88.82882882882883,97.38738738738739,95.31531531531532
681624,"Pages, Andy",2025,28.1,1.82,2.19,4.01,-30.874316939890704,67.39526411657559,36.520947176684885,49.81785063752277
681987,"Eaton, Nate",2025,29.7,1.74,2.04,3.78,-9.927140255009107,97.44990892531877,87.52276867030966,97.72313296903461
682177,"Schneemann, Daniel",2025,27.9,1.73,2.2,3.93,29.14389799635702,62.11293260473588,91.2568306010929,70.49180327868852
682622,"Marte, Noelvi",2024,28.8,1.82,2.15,3.97,-46.71669793621013,88.08630393996248,41.369606003752345,63.227016885553475
682622,"Marte, Noelvi",2025,29.0,1.83,2.13,3.96,-58.56102003642988,88.97996357012751,30.41894353369763,62.659380692167574
682657,"Martínez, Angel",2025,27.7,1.78,2.25,4.03,5.919854280510016,56.193078324225866,62.11293260473588,44.35336976320583
682657,"Martínez, Angel",2026,27.7,1.78,2.26,4.04,1.9283746556473815,60.46831955922865,62.39669421487603,41.18457300275482
682663,"Ramírez, Agustín",2025,26.7,1.82,2.27,4.09,6.830601092896181,29.690346083788704,36.520947176684885,31.23861566484517
682668,"Acuña, Luisangel",2025,29.6,1.73,2.08,3.81,-5.555555555555557,96.81238615664846,91.2568306010929,94.53551912568307
682829,"De La Cruz, Elly",2023,30.5,1.73,2.0,3.73,-7.837837837837839,99.81981981981983,91.98198198198199,99.27927927927928
682829,"De La Cruz, Elly",2024,30.0,1.75,2.02,3.77,-16.79174484052534,99.24953095684803,82.4577861163227,97.37335834896811
682829,"De La Cruz, Elly",2025,29.1,1.77,2.08,3.85,-21.220400728597454,90.89253187613843,69.67213114754098,89.79963570127505
682829,"De La Cruz, Elly",2026,28.2,1.74,2.14,3.88,12.396694214876035,74.51790633608816,86.9146005509642,85.81267217630854
682928,"Abrams, CJ",2023,28.6,1.71,2.14,3.85,15.675675675675677,81.71171171171171,97.38738738738739,92.16216216216216
682928,"Abrams, CJ",2024,28.5,1.72,2.15,3.87,13.41463414634147,81.51969981238274,94.93433395872421,87.4296435272045
682928,"Abrams, CJ",2025,28.2,1.72,2.15,3.87,23.86156648451731,70.58287795992713,94.44444444444444,85.97449908925319
682928,"Abrams, CJ",2026,28.4,1.73,2.11,3.84,11.432506887052341,79.75206611570248,91.18457300275482,92.56198347107438
682998,"Carroll, Corbin",2023,30.1,1.66,2.03,3.69,0.9009009009008935,98.82882882882883,99.72972972972973,99.63963963963964
682998,"Carroll, Corbin",2024,29.6,1.68,2.05,3.73,3.1894934333958815,96.06003752345215,99.24953095684803,99.53095684803002
682998,"Carroll, Corbin",2025,29.8,1.67,2.06,3.73,1.4571948998178499,97.99635701275045,99.4535519125683,99.27140255009107
683002,"Henderson, Gunnar",2023,28.8,1.74,2.14,3.88,2.252252252252248,86.66666666666667,88.91891891891892,85.58558558558559
683002,"Henderson, Gunnar",2024,28.9,1.74,2.12,3.86,-3.0956848030018733,90.0562851782364,86.96060037523452,89.9624765478424
683002,"Henderson, Gunnar",2025,28.5,1.74,2.13,3.87,7.741347905282339,79.78142076502732,87.52276867030966,85.97449908925319
683011,"Volpe, Anthony",2023,28.4,1.78,2.16,3.94,-9.369369369369366,77.29729729729729,67.92792792792793,71.8018018018018
683011,"Volpe, Anthony",2024,28.6,1.79,2.15,3.94,-24.01500938086304,83.86491557223265,59.849906191369605,71.76360225140712
683011,"Volpe, Anthony",2025,28.3,1.77,2.16,3.93,-4.007285974499084,73.67941712204006,69.67213114754098,70.49180327868852
683083,"Nuñez, Nasim",2024,29.5,1.68,2.06,3.74,4.127579737335836,95.1219512195122,99.24953095684803,99.15572232645404
683083,"Nuñez, Nasim",2025,29.8,1.64,2.03,3.67,1.821493624772316,97.99635701275045,99.81785063752277,99.81785063752277
683083,"Nuñez, Nasim",2026,29.6,1.67,2.07,3.74,3.030303030303031,96.00550964187327,99.0358126721763,99.0358126721763
686217,"Frelick, Sal",2024,29.3,1.68,2.07,3.75,5.44090056285178,93.80863039399625,99.24953095684803,98.59287054409006
686217,"Frelick, Sal",2025,28.9,1.69,2.1,3.79,11.020036429872505,87.06739526411657,98.08743169398907,96.90346083788707
686475,"Tolbert, Tyler",2025,28.9,1.73,2.12,3.85,4.189435336976331,87.06739526411657,91.2568306010929,89.79963570127505
686555,"Collins, Isaac",2025,27.7,1.75,2.17,3.92,26.229508196721312,56.193078324225866,82.42258652094718,72.95081967213115
686611,"Crews, Dylan",2024,29.3,1.76,2.12,3.88,-16.41651031894935,93.80863039399625,77.3921200750469,84.9906191369606
686611,"Crews, Dylan",2025,29.0,1.75,2.11,3.86,-6.557377049180332,88.97996357012751,82.42258652094718,88.06921675774134
686668,"Doyle, Brenton",2023,29.9,1.73,2.05,3.78,-5.675675675675677,97.65765765765767,91.98198198198199,98.10810810810811
686668,"Doyle, Brenton",2024,29.3,1.78,2.08,3.86,-27.767354596622894,93.80863039399625,66.04127579737336,89.9624765478424
686668,"Doyle, Brenton",2025,29.5,1.77,2.09,3.86,-26.411657559198545,96.08378870673953,69.67213114754098,88.06921675774134
686668,"Doyle, Brenton",2026,28.7,1.77,2.1,3.87,-17.906336088154262,87.32782369146005,69.42148760330579,87.74104683195593
686823,"Brennan, Will",2023,28.3,1.73,2.18,3.91,16.84684684684686,75.13513513513513,91.98198198198199,78.82882882882883
686894,"Wiemer, Joey",2023,28.9,1.79,2.14,3.93,-27.02702702702703,88.82882882882883,61.8018018018018,73.87387387387388
687263,"Neto, Zach",2024,28.2,1.82,2.18,4.0,-32.176360225140705,73.54596622889305,41.369606003752345,54.78424015009381
687263,"Neto, Zach",2025,28.1,1.83,2.2,4.03,-36.97632058287796,67.39526411657559,30.41894353369763,44.35336976320583
687263,"Neto, Zach",2026,27.5,1.86,2.24,4.1,-38.705234159779614,54.40771349862259,15.702479338842977,30.853994490358133
687363,"Scott II, Victor",2025,30.2,1.68,2.03,3.71,-0.8196721311475414,99.63570127504553,98.81602914389799,99.4535519125683
687363,"Scott II, Victor",2026,29.7,1.68,2.07,3.75,1.1019283746556425,97.38292011019284,98.48484848484848,98.34710743801652
687401,"Ortiz, Joey",2024,28.7,1.77,2.13,3.9,-14.25891181988743,85.83489681050656,71.57598499061913,80.95684803001876
687401,"Ortiz, Joey",2025,28.7,1.77,2.14,3.91,-13.843351548269581,83.51548269581056,69.67213114754098,75.68306010928961
687597,"Beck, Jordan",2025,28.7,1.79,2.15,3.94,-28.597449908925313,83.51548269581056,54.91803278688525,67.66848816029145
691016,"Soderstrom, Tyler",2025,27.4,1.76,2.21,3.97,29.23497267759563,46.81238615664845,76.04735883424408,60.38251366120219
691023,"Walker, Jordan",2023,28.5,1.75,2.13,3.88,5.2252252252252305,79.36936936936937,84.5945945945946,85.58558558558559
691023,"Walker, Jordan",2025,28.7,1.77,2.13,3.9,-13.843351548269581,83.51548269581056,69.67213114754098,79.23497267759564
691023,"Walker, Jordan",2026,29.0,1.75,2.11,3.86,-9.779614325068877,91.59779614325069,81.81818181818181,89.25619834710744
691026,"Winn, Masyn",2024,28.8,1.76,2.1,3.86,-10.694183864915573,88.08630393996248,77.3921200750469,89.9624765478424
691026,"Winn, Masyn",2025,28.4,1.77,2.13,3.9,-7.285974499089249,76.95810564663023,69.67213114754098,79.23497267759564
691176,"Domínguez, Jasson",2025,28.7,1.7,2.06,3.76,14.025500910746814,83.51548269581056,97.54098360655738,98.81602914389799
691594,"Sanoja, Javier",2025,28.0,1.82,2.17,3.99,-28.051001821493628,64.57194899817851,36.520947176684885,54.91803278688525
691718,"Crow-Armstrong, Pete",2024,30.0,1.7,2.05,3.75,-1.7823639774859288,99.24953095684803,97.4671669793621,98.59287054409006
691718,"Crow-Armstrong, Pete",2025,29.5,1.68,2.08,3.76,2.7322404371584668,96.08378870673953,98.81602914389799,98.81602914389799
691718,"Crow-Armstrong, Pete",2026,29.2,1.67,2.08,3.75,5.371900826446279,93.66391184573003,99.0358126721763,98.34710743801652
694192,"Chourio, Jackson",2024,29.7,1.75,2.05,3.8,-14.63414634146342,97.09193245778611,82.4577861163227,95.87242026266416
694192,"Chourio, Jackson",2025,29.2,1.76,2.08,3.84,-16.575591985428048,92.62295081967213,76.04735883424408,91.53005464480874
694374,"Tawa, Tim",2025,28.2,1.78,2.18,3.96,-8.46994535519125,70.58287795992713,62.11293260473588,62.659380692167574
694384,"Schanuel, Nolan",2024,26.4,1.84,2.31,4.15,5.253283302063796,23.639774859287055,28.89305816135085,22.795497185741084
694497,"Carter, Evan",2025,29.0,1.72,2.07,3.79,5.4644808743169335,88.97996357012751,94.44444444444444,96.90346083788707
694671,"Langford, Wyatt",2024,29.8,1.76,2.07,3.83,-20.54409005628517,97.93621013133207,77.3921200750469,93.15196998123827
694671,"Langford, Wyatt",2025,28.9,1.76,2.11,3.87,-11.02003642987249,87.06739526411657,76.04735883424408,85.97449908925319
695578,"Wood, James",2024,28.7,1.74,2.1,3.84,1.1257035647279565,85.83489681050656,86.96060037523452,92.21388367729831
695578,"Wood, James",2025,27.8,1.75,2.15,3.9,23.224043715846996,59.19854280510018,82.42258652094718,79.23497267759564
695578,"Wood, James",2026,27.6,1.73,2.17,3.9,34.297520661157016,56.8870523415978,91.18457300275482,81.26721763085399
695734,"Lile, Daylen",2025,29.1,1.72,2.07,3.79,3.551912568306008,90.89253187613843,94.44444444444444,96.90346083788707
696285,"Young, Jacob",2023,30.0,1.78,2.06,3.84,-30.270270270270274,98.1981981981982,67.92792792792793,93.33333333333333
696285,"Young, Jacob",2024,29.7,1.78,2.09,3.87,-31.050656660412756,97.09193245778611,66.04127579737336,87.4296435272045
696285,"Young, Jacob",2025,29.3,1.8,2.09,3.89,-45.26411657559199,93.98907103825137,48.724954462659376,82.51366120218579
701398,"Stewart, Sal",2026,26.4,1.88,2.33,4.21,-16.115702479338843,25.482093663911847,9.366391184573004,12.672176308539946
701538,"Merrill, Jackson",2024,28.5,1.72,2.14,3.86,13.41463414634147,81.51969981238274,94.93433395872421,89.9624765478424
701538,"Merrill, Jackson",2026,28.6,1.72,2.15,3.87,9.91735537190084,85.39944903581267,95.3168044077135,87.74104683195593
701807,"Benge, Carson",2026,28.5,1.73,2.13,3.86,8.953168044077131,82.23140495867769,91.18457300275482,89.25619834710744
702332,"Durbin, Caleb",2025,28.1,1.79,2.17,3.96,-12.47723132969034,67.39526411657559,54.91803278688525,62.659380692167574
702358,"Lipscomb, Trey",2024,27.5,1.83,2.24,4.07,-18.011257035647276,52.34521575984991,34.33395872420263,36.491557223264536
702616,"Holliday, Jackson",2025,28.6,1.75,2.14,3.89,0.6375227686703084,81.78506375227687,82.42258652094718,82.51366120218579
802415,"Simpson, Chandler",2025,29.6,1.67,2.02,3.69,2.641165755919843,96.81238615664846,99.4535519125683,99.63570127504553
802415,"Simpson, Chandler",2026,29.6,1.65,2.01,3.66,3.719008264462815,96.00550964187327,99.72451790633609,99.72451790633609
803011,"Antonacci, Sam",2026,28.3,1.73,2.18,3.91,13.636363636363626,77.54820936639119,91.18457300275482,79.47658402203857
804606,"Griffin, Konnor",2026,29.9,1.73,2.06,3.79,-7.300275482093667,98.48484848484848,91.18457300275482,96.28099173553719
805300,"Marsee, Jakob",2025,28.1,1.73,2.16,3.89,23.86156648451731,67.39526411657559,91.2568306010929,82.51366120218579
805300,"Marsee, Jakob",2026,27.9,1.74,2.18,3.92,21.212121212121218,65.70247933884298,86.9146005509642,76.72176308539945
805367,"Meidroth, Chase",2025,27.0,1.85,2.24,4.09,-17.486338797814206,37.43169398907104,19.945355191256837,31.23861566484517
807712,"Keaschall, Luke",2025,28.7,1.78,2.14,3.92,-21.40255009107468,83.51548269581056,62.11293260473588,72.95081967213115
807712,"Keaschall, Luke",2026,28.5,1.78,2.16,3.94,-19.834710743801658,82.23140495867769,62.39669421487603,72.72727272727273
807713,"Shaw, Matt",2025,29.0,1.78,2.13,3.91,-26.867030965391628,88.97996357012751,62.11293260473588,75.68306010928961
808975,"Kim, Hyeseong",2025,28.7,1.71,2.14,3.85,13.02367941712204,83.51548269581056,96.5391621129326,89.79963570127505
808982,"Lee, Jung Hoo",2025,28.2,1.79,2.19,3.98,-15.664845173041883,70.58287795992713,54.91803278688525,57.5591985428051
