season,rank,runner_id,player_name,sprint_speed,jump_time,primary_lead,lead_gain,avg_pre_release_velocity,avg_post_release_distance,avg_pop_faced,SB,CS,real_sb_pct,sb_residual,avg_pre_release_velocity
2015,1,605141,Mookie Betts,28.7,1.74,12.429531646,5.642240506,4.3401850046153845,53.446574999999996,1.95,21,6,0.7779155180528474,0.0036306290972318855,4.3401850046153845
2015,2,608070,José Ramírez,28.0,1.74,12.295364583,5.031840278,3.8706463676923075,52.143,1.95,10,4,0.7312261356679536,-0.03115380626285369,3.8706463676923075
2015,3,608070,José Ramírez,28.0,1.72,12.295364583,5.031840278,3.8706463676923075,52.689,1.95,10,4,0.7312261356679536,-0.03115380626285369,3.8706463676923075
2015,4,547180,Bryce Harper,27.7,1.8,11.668186722,4.916755187,3.7821193746153843,49.963874999999994,1.95,6,4,0.6595531051794078,-0.09951901636647376,3.7821193746153843
2015,5,592663,J.T. Realmuto,28.8,1.75,12.115241176,4.642758824,3.5713529415384615,53.352,1.95,8,4,0.699605681040654,-0.07685839457107513,3.5713529415384615
2015,6,593428,Xander Bogaerts,28.3,1.78,12.125084821,4.347678571,3.3443681315384617,51.597975,1.95,10,2,0.8172527398641833,0.05048839768731228,3.3443681315384617
2015,7,543760,Marcus Semien,28.9,1.72,12.177804233,3.618862434,2.7837403338461537,54.382574999999996,1.95,11,5,0.7092045989376723,-0.06955828331474145,2.7837403338461537
2015,8,621043,Carlos Correa,28.3,1.77,10.345008299,3.599082988,2.7685253753846153,51.8739,1.95,14,4,0.777969416421353,0.011205074244481916,2.7685253753846153
2015,9,596019,Francisco Lindor,28.4,1.75,12.0631875,3.421482143,2.6319093407692304,52.61099999999999,1.95,12,2,0.8364892935626904,0.06802424466798973,2.6319093407692304
2015,10,596019,Francisco Lindor,28.4,1.72,12.0631875,3.421482143,2.6319093407692304,53.4417,1.95,12,2,0.8364892935626904,0.06802424466798973,2.6319093407692304
2015,11,606466,Ketel Marte,28.1,1.75,9.871389474,3.392936842,2.609951416923077,52.05525,1.95,8,4,0.699605681040654,-0.06411610765427078,2.609951416923077
2015,12,606466,Ketel Marte,28.1,1.72,9.871389474,3.392936842,2.609951416923077,52.877175,1.95,8,4,0.699605681040654,-0.06411610765427078,2.609951416923077
2015,13,592518,Manny Machado,27.4,1.78,11.762858491,3.305216981,2.5424746007692307,49.95704999999999,1.95,20,8,0.7240392902330641,-0.032801590789030666,2.5424746007692307
2015,14,543807,George Springer,28.8,1.71,11.20488601,3.301772021,2.5398246315384614,54.475199999999994,1.95,16,4,0.7957318631076447,0.01926778749591551,2.5398246315384614
2015,15,592626,Joc Pederson,27.2,1.76,10.410209945,3.28240884,2.524929876923077,50.1228,1.95,4,7,0.4933310361056949,-0.2626204511567298,2.524929876923077
2016,1,605141,Mookie Betts,27.9,1.74,12.429531646,5.642240506,4.3401850046153845,51.95677499999999,1.95,26,4,0.8540941879340319,0.09293647278277117,4.3401850046153845
2016,2,608070,José Ramírez,27.9,1.77,12.295364583,5.031840278,3.8706463676923075,51.14069999999999,1.95,22,7,0.7615675464026799,0.0004098312514191349,3.8706463676923075
2016,3,608070,José Ramírez,27.9,1.72,12.295364583,5.031840278,3.8706463676923075,52.50082499999999,1.95,22,7,0.7615675464026799,0.0004098312514191349,3.8706463676923075
2016,4,547180,Bryce Harper,27.3,1.78,11.668186722,4.916755187,3.7821193746153843,49.774725,1.95,21,10,0.69148046049142,-0.06485591365855425,3.7821193746153843
2016,5,595879,Javier Báez,28.8,1.75,10.957180952,4.696933333,3.6130256407692305,53.352,1.95,12,3,0.7946648288845559,0.018200753272826775,3.6130256407692305
2016,6,592663,J.T. Realmuto,28.8,1.76,12.115241176,4.642758824,3.5713529415384615,53.07119999999999,1.95,12,4,0.7568236465567199,-0.01964042905500929,3.5713529415384615
2016,7,593428,Xander Bogaerts,28.3,1.77,12.125084821,4.347678571,3.3443681315384617,51.8739,1.95,13,4,0.7678771171677781,0.0011127749909070062,3.3443681315384617
2016,8,596115,Trevor Story,29.6,1.73,12.970051546,4.217072165,3.2439016653846156,55.411199999999994,1.95,8,5,0.6607386987606176,-0.13746518954457443,3.2439016653846156
2016,9,553993,Eugenio Suárez,27.4,1.8,10.978256944,3.666729167,2.8205608976923076,49.422749999999986,1.95,11,5,0.7092045989376723,-0.0476362820844225,2.8205608976923076
2016,10,543760,Marcus Semien,28.4,1.76,12.177804233,3.618862434,2.7837403338461537,52.33409999999999,1.95,10,2,0.8172527398641833,0.048787690969482655,2.7837403338461537
2016,11,621043,Carlos Correa,28.0,1.78,10.345008299,3.599082988,2.7685253753846153,51.051,1.95,13,3,0.8044426941757675,0.042062752244960255,2.7685253753846153
2016,12,607208,Trea Turner,30.0,1.73,11.411938596,3.574809942,2.7498538015384613,56.16,1.95,33,6,0.8384840131293436,0.026539338847718863,2.7498538015384613
2016,13,596019,Francisco Lindor,27.1,1.78,12.0631875,3.421482143,2.6319093407692304,49.410075,1.95,19,5,0.7894240199203834,0.033737799560937254,2.6319093407692304
2016,14,596019,Francisco Lindor,27.1,1.74,12.0631875,3.421482143,2.6319093407692304,50.466975,1.95,19,5,0.7894240199203834,0.033737799560937254,2.6319093407692304
2016,15,606466,Ketel Marte,28.4,1.74,9.871389474,3.392936842,2.609951416923077,52.887899999999995,1.95,11,5,0.7092045989376723,-0.059260449957028394,2.609951416923077
2017,1,605141,Mookie Betts,27.9,1.75,12.429531646,5.642240506,4.3401850046153845,51.684749999999994,1.95,26,3,0.8792146052262093,0.11805689007494857,4.3401850046153845
2017,2,624428,Adam Frazier,27.5,1.76,12.576537879,5.210234848,4.007872959999999,50.675625,1.95,9,5,0.6785945567205851,-0.07887045115820035,4.007872959999999
2017,3,608070,José Ramírez,27.9,1.76,12.295364583,5.031840278,3.8706463676923075,51.412724999999995,1.95,17,5,0.773825799173745,0.012668084022484316,3.8706463676923075
2017,4,608070,José Ramírez,27.9,1.72,12.295364583,5.031840278,3.8706463676923075,52.50082499999999,1.95,17,5,0.773825799173745,0.012668084022484316,3.8706463676923075
2017,5,595879,Javier Báez,28.5,1.77,10.957180952,4.696933333,3.6130256407692305,52.24049999999999,1.95,10,3,0.7718498098717288,0.0015644342746274909,3.6130256407692305
2017,6,592663,J.T. Realmuto,28.6,1.76,12.115241176,4.642758824,3.5713529415384615,52.70265,1.95,8,2,0.7928864385127412,0.020661116228668286,3.5713529415384615
2017,7,664023,Ian Happ,28.8,1.75,10.538212454,4.404992674,3.388455903076923,53.352,1.95,8,4,0.699605681040654,-0.07685839457107513,3.388455903076923
2017,8,664023,Ian Happ,28.8,1.76,10.538212454,4.404992674,3.388455903076923,53.07119999999999,1.95,8,4,0.699605681040654,-0.07685839457107513,3.388455903076923
2017,9,593428,Xander Bogaerts,28.3,1.78,12.125084821,4.347678571,3.3443681315384617,51.597975,1.95,15,1,0.8996807894138628,0.1329164472369917,3.3443681315384617
2017,10,518692,Freddie Freeman,26.6,1.81,12.235060811,4.331902027,3.3322323284615383,47.7204,1.95,8,5,0.6607386987606176,-0.09541548685249968,3.3322323284615383
2017,11,593871,Jorge Polanco,28.4,1.77,12.317263158,3.988017544,3.067705803076923,52.057199999999995,1.95,13,5,0.7344911555517877,-0.03397389334291301,3.067705803076923
2017,12,593871,Jorge Polanco,28.4,1.79,12.317263158,3.988017544,3.067705803076923,51.50339999999999,1.95,13,5,0.7344911555517877,-0.03397389334291301,3.067705803076923
2017,13,592450,Aaron Judge,28.0,1.79,10.921927928,3.824536036,2.9419507969230767,50.778,1.95,9,4,0.7162942543161732,-0.04608568761463405,2.9419507969230767
2017,14,543760,Marcus Semien,28.4,1.74,12.177804233,3.618862434,2.7837403338461537,52.887899999999995,1.95,12,1,0.8829609209828398,0.11449587208813916,2.7837403338461537
2017,15,607208,Trea Turner,30.3,1.71,11.411938596,3.574809942,2.7498538015384613,57.31245,1.95,46,8,0.8456490945371375,0.02214282093519193,2.7498538015384613
2018,1,605141,Mookie Betts,28.1,1.75,12.429531646,5.642240506,4.3401850046153845,53.12305,1.99,30,6,0.8266657701875882,0.06294398149266345,4.3401850046153845
2018,2,608070,José Ramírez,27.4,1.74,12.295364583,5.031840278,3.8706463676923075,52.82172,2.04,34,6,0.8420732572820249,0.08523237625993008,3.8706463676923075
2018,3,608070,José Ramírez,27.4,1.76,12.295364583,5.031840278,3.8706463676923075,52.82172,2.04,34,6,0.8420732572820249,0.08523237625993008,3.8706463676923075
2018,4,547180,Bryce Harper,27.5,1.78,11.668186722,4.916755187,3.7821193746153843,52.4535,2.04,13,3,0.8044426941757675,0.04697768629698207,3.7821193746153843
2018,5,595879,Javier Báez,28.8,1.76,10.957180952,4.696933333,3.6130256407692305,54.568079999999995,2.005,21,9,0.7112370450768891,-0.06522703053484002,3.6130256407692305
2018,6,606192,Teoscar Hernández,28.6,1.79,12.779433198,4.224502024,3.6118743334221004,52.265069999999994,1.9649999999999999,5,5,0.5928864385127411,-0.17933888377133178,3.6118743334221004
2018,7,596115,Trevor Story,29.6,1.71,12.970051546,4.217072165,3.5638702308319283,58.8596,2.05,27,6,0.8129814888866084,0.014777600581416306,3.5638702308319283
2018,8,643396,Isiah Kiner-Falefa,28.0,1.77,12.344880734,4.535688073,3.4889908253846156,52.508399999999995,1.9949999999999999,7,5,0.6407821516288893,-0.12159779030191797,3.4889908253846156
2018,9,664023,Ian Happ,27.6,1.78,10.538212454,4.404992674,3.388455903076923,50.3217,1.95,8,4,0.699605681040654,-0.05860307367939399,3.388455903076923
2018,10,664023,Ian Happ,27.6,1.8,10.538212454,4.404992674,3.388455903076923,49.7835,1.95,8,4,0.699605681040654,-0.05860307367939399,3.388455903076923
2018,11,593428,Xander Bogaerts,27.8,1.79,12.125084821,4.347678571,3.3443681315384617,50.415299999999995,1.95,8,2,0.7928864385127412,0.03283133015645512,3.3443681315384617
2018,12,518692,Freddie Freeman,26.7,1.8,12.235060811,4.331902027,3.3322323284615383,50.38289999999999,2.04,10,3,0.7718498098717288,0.016028457278487007,3.3322323284615383
2018,13,641343,Jake Bauers,27.8,1.78,11.678393258,4.22547191,3.250363007692308,50.42642,1.94,6,6,0.5819586222171246,-0.17809648613916151,3.250363007692308
2018,14,660162,Yoán Moncada,28.8,1.74,12.317113333,4.00746,3.0961264846615335,55.67664,2.0033333333333334,12,6,0.6910128946822225,-0.08545118092950665,3.0961264846615335
2018,15,660162,Yoán Moncada,28.8,1.72,12.317113333,4.00746,3.0961264846615335,55.67664,2.0033333333333334,12,6,0.6910128946822225,-0.08545118092950665,3.0961264846615335
2019,1,605141,Mookie Betts,27.9,1.75,12.429531646,5.642240506,4.3401850046153845,53.186699999999995,2.0066666666666664,16,3,0.8288873574037966,0.06772964225253586,4.3401850046153845
2019,2,547180,Bryce Harper,28.3,1.76,11.668186722,4.916755187,4.067963604335939,53.0858475,1.9849999999999999,15,3,0.8214476772909182,0.054683335114047105,4.067963604335939
2019,3,624428,Adam Frazier,27.2,1.77,12.576537879,5.210234848,4.007872959999999,49.8576,1.95,5,5,0.5928864385127411,-0.16306504874968353,4.007872959999999
2019,4,596115,Trevor Story,29.2,1.7,12.970051546,4.217072165,3.933835974813433,56.0859,1.97,23,8,0.7470360160469754,-0.03934100603491719,3.933835974813433
2019,5,608070,José Ramírez,27.9,1.75,12.295364583,5.031840278,3.8706463676923075,52.994654999999995,2.01,24,4,0.8452514114451853,0.0840936962939246,3.8706463676923075
2019,6,608070,José Ramírez,27.9,1.76,12.295364583,5.031840278,3.8706463676923075,52.994654999999995,2.01,24,4,0.8452514114451853,0.0840936962939246,3.8706463676923075
2019,7,595879,Javier Báez,28.6,1.75,10.957180952,4.696933333,3.6130256407692305,52.981500000000004,1.95,11,7,0.6475346338126573,-0.12469068847141562,3.6130256407692305
2019,8,592663,J.T. Realmuto,28.7,1.76,12.115241176,4.642758824,3.5713529415384615,52.88692499999999,1.95,9,1,0.8595531051794079,0.08526821622379233,3.5713529415384615
2019,9,665487,Fernando Tatis Jr.,29.3,1.75,11.307440154,4.53011583,3.4847044846153845,55.67,2.0,16,6,0.7367887621367081,-0.05236554652415315,3.4847044846153845
2019,10,500743,Miguel Rojas,26.3,1.84,12.167167785,4.370013423,3.3615487869230765,45.698879999999996,1.92,9,5,0.6785945567205851,-0.07927584785958652,3.3615487869230765
2019,11,542303,Marcell Ozuna,27.4,1.86,10.24402027,4.274513514,3.288087318461538,48.06507999999999,1.96,12,2,0.8364892935626904,0.07964841254059563,3.288087318461538
2019,12,660162,Yoán Moncada,27.8,1.73,12.317113333,4.00746,3.0826615384615383,52.4864,1.9666666666666668,10,3,0.7718498098717288,0.011794701515442707,3.0826615384615383
2019,13,660162,Yoán Moncada,27.8,1.73,12.317113333,4.00746,3.0826615384615383,52.4864,1.9666666666666668,10,3,0.7718498098717288,0.011794701515442707,3.0826615384615383
2019,14,660670,Ronald Acuña Jr.,29.3,1.7,12.019437956,3.908908759,3.0068528915384616,56.468424999999996,1.9766666666666666,37,9,0.8018293446606102,0.012675035999748951,3.0068528915384616
2019,15,621020,Dansby Swanson,28.7,1.77,12.11732973,3.770048649,2.900037422307692,54.225779999999986,2.01,10,5,0.6946648288845558,-0.0796200600710597,2.900037422307692
2020,1,605141,Mookie Betts,28.3,1.78,12.429531646,5.642240506,4.3401850046153845,51.597975,1.95,10,2,0.8172527398641833,0.05048839768731228,4.3401850046153845
2020,2,608070,José Ramírez,27.2,1.78,12.295364583,5.031840278,3.8706463676923075,49.5924,1.95,10,3,0.7718498098717288,0.015898322609304127,3.8706463676923075
2020,3,547180,Bryce Harper,27.8,1.83,11.668186722,4.916755187,3.7821193746153843,49.3311,1.95,8,2,0.7928864385127412,0.03283133015645512,3.7821193746153843
2020,4,643396,Isiah Kiner-Falefa,28.1,1.81,12.344880734,4.535688073,3.4889908253846156,50.4114,1.95,8,5,0.6607386987606176,-0.10298308993430716,3.4889908253846156
2020,5,665487,Fernando Tatis Jr.,29.3,1.79,11.307440154,4.53011583,3.4847044846153845,53.135549999999995,1.95,11,3,0.7838577146153219,-0.005296594045539282,3.4847044846153845
2020,6,596115,Trevor Story,28.9,1.79,12.970051546,4.217072165,3.2439016653846156,52.410149999999994,1.95,15,3,0.8214476772909182,0.04268479503850442,3.2439016653846156
2020,7,663757,Trent Grisham,29.1,1.74,10.18492145,4.198489426,3.229607250769231,54.191475000000004,1.95,10,1,0.8683310361056948,0.08461168061819979,3.229607250769231
2020,8,673357,Luis Robert Jr.,29.1,1.77,10.790703125,3.90459375,3.0035336538461537,53.3403,1.95,9,2,0.8058310361056948,0.02211168061819979,3.0035336538461537
2020,9,607208,Trea Turner,29.9,1.76,11.411938596,3.574809942,2.7498538015384613,55.09822499999999,1.95,12,4,0.7568236465567199,-0.051506401253941125,2.7498538015384613
2020,10,516782,Starling Marte,28.4,1.8,12.167531646,2.556632911,1.9666407007692306,51.226499999999994,1.95,10,2,0.8172527398641833,0.048787690969482655,1.9666407007692306
2021,1,605141,Mookie Betts,27.2,1.8,12.429531646,5.642240506,4.606670657118819,49.92462857142856,1.9842857142857142,10,5,0.6946648288845558,-0.06128665837786884,4.606670657118819
2021,2,518692,Freddie Freeman,26.9,1.78,12.235060811,4.331902027,4.3920868417866075,47.78784999999999,1.9,8,3,0.7433310361056948,-0.012183510401507114,4.3920868417866075
2021,3,665862,Jazz Chisholm Jr.,29.1,1.73,12.165130769,5.637923077,4.336863905384615,54.54504,1.9525,23,8,0.7470360160469754,-0.0366833394405196,4.336863905384615
2021,4,624428,Adam Frazier,27.1,1.77,12.576537879,5.210234848,4.007872959999999,49.674299999999995,1.95,10,5,0.6946648288845558,-0.061021391474890274,4.007872959999999
2021,5,608070,José Ramírez,28.1,1.74,12.295364583,5.031840278,3.8706463676923075,53.04483833333333,1.9766666666666666,27,4,0.8581471271580866,0.09442533846316181,3.8706463676923075
2021,6,608070,José Ramírez,28.1,1.8,12.295364583,5.031840278,3.8706463676923075,53.04483833333333,1.9766666666666666,27,4,0.8581471271580866,0.09442533846316181,3.8706463676923075
2021,7,595879,Javier Báez,28.5,1.8,10.957180952,4.696933333,3.859368298094405,51.80231249999999,1.9649999999999999,18,5,0.7819034492032542,0.011618073606152857,3.859368298094405
2021,8,641584,Jake Fraley,27.7,1.73,12.234175182,4.711321168,3.624093206153846,52.918079999999996,1.99,10,2,0.8172527398641833,0.05818061831830179,3.624093206153846
2021,9,592663,J.T. Realmuto,28.8,1.81,12.115241176,4.642758824,3.5713529415384615,52.46208,1.98,13,3,0.8044426941757675,0.027978618564038382,3.5713529415384615
2021,10,547180,Bryce Harper,27.8,1.78,11.668186722,4.916755187,3.53556941605209,52.11596499999999,2.005,13,3,0.8044426941757675,0.044387585819481434,3.53556941605209
2021,11,650402,Gleyber Torres,27.0,1.83,10.310364407,4.591076271,3.5315971315384616,48.402899999999995,1.97,14,6,0.7157318631076447,-0.03980871033339384,3.5315971315384616
2021,12,643396,Isiah Kiner-Falefa,28.0,1.8,12.344880734,4.535688073,3.4889908253846156,51.34675,1.9825,20,5,0.7964432192563706,0.03406327732556336,3.4889908253846156
2021,13,665487,Fernando Tatis Jr.,29.2,1.77,11.307440154,4.53011583,3.4847044846153845,54.62152,1.99,25,4,0.849802840520327,0.06342581843843431,3.4847044846153845
2021,14,664023,Ian Happ,27.7,1.78,10.538212454,4.404992674,3.388455903076923,51.79899999999999,2.0,9,2,0.8058310361056948,0.04675891455981329,3.388455903076923
2021,15,664023,Ian Happ,27.7,1.83,10.538212454,4.404992674,3.388455903076923,51.79899999999999,2.0,9,2,0.8058310361056948,0.04675891455981329,3.388455903076923
2022,1,605141,Mookie Betts,27.4,1.81,12.429531646,5.642240506,4.3401850046153845,48.90351999999999,1.94,12,2,0.8364892935626904,0.07964841254059563,4.3401850046153845
2022,2,665862,Jazz Chisholm Jr.,29.3,1.73,12.165130769,5.637923077,4.236939098641823,55.5528,1.975,12,5,0.7224225717132327,-0.06673173694762857,4.236939098641823
2022,3,624428,Adam Frazier,26.8,1.8,12.576537879,5.210234848,4.007872959999999,48.34049999999999,1.95,11,6,0.6769680262586871,-0.07864011329924925,4.007872959999999
2022,4,593428,Xander Bogaerts,27.9,1.82,12.125084821,4.347678571,3.977748006404392,51.82285499999999,2.03,8,2,0.7928864385127412,0.03172872336148047,3.977748006404392
2022,5,608070,José Ramírez,28.5,1.74,12.295364583,5.031840278,3.8706463676923075,53.074124999999995,1.95,20,7,0.7466655180528474,-0.023619857544253886,3.8706463676923075
2022,6,608070,José Ramírez,28.5,1.82,12.295364583,5.031840278,3.8706463676923075,50.85112499999999,1.95,20,7,0.7466655180528474,-0.023619857544253886,3.8706463676923075
2022,7,547180,Bryce Harper,27.6,1.79,11.668186722,4.916755187,3.7821193746153843,50.0526,1.95,11,4,0.7446648288845559,-0.013543925835492132,3.7821193746153843
2022,8,650402,Gleyber Torres,26.9,1.85,10.310364407,4.591076271,3.6472679857127503,48.29894999999999,1.9949999999999999,10,5,0.6946648288845558,-0.06084971762264613,3.6472679857127503
2022,9,595879,Javier Báez,27.9,1.85,10.957180952,4.696933333,3.6130256407692305,48.96449999999999,1.95,9,2,0.8058310361056948,0.044673320954434104,3.6130256407692305
2022,10,592663,J.T. Realmuto,28.7,1.82,12.115241176,4.642758824,3.5713529415384615,51.20797499999999,1.95,21,1,0.9219739473218932,0.14768905836627766,3.5713529415384615
2022,11,643396,Isiah Kiner-Falefa,28.4,1.8,12.344880734,4.535688073,3.528731816709255,52.067139999999995,1.982,22,4,0.8352676315384231,0.06680258264372241,3.528731816709255
2022,12,681082,Bryson Stott,29.0,1.77,11.961878049,4.51182439,3.4706341461538464,56.700799999999994,2.08,12,4,0.7568236465567199,-0.02435766232094949,3.4706341461538464
2022,13,677951,Bobby Witt Jr.,30.3,1.75,13.020939024,4.500591463,3.461993433076923,57.28215,1.99,30,7,0.8069832518497885,-0.01652302175215714,3.461993433076923
2022,14,641857,Ryan McMahon,25.8,1.79,10.081747368,4.470447368,3.438805667692308,46.7883,1.95,7,3,0.7262197718460744,-0.03690339737060644,3.438805667692308
2022,15,656941,Kyle Schwarber,26.4,1.82,11.027303483,4.432248756,3.40942212,48.31199999999999,2.0,10,1,0.8683310361056948,0.11115232449911261,3.40942212
2023,1,669743,Alex Call,28.8,1.81,12.988813333,4.333453333,4.861401540273726,52.19711999999999,1.97,9,8,0.5860589353495963,-0.19040514026213284,4.861401540273726
2023,2,605141,Mookie Betts,27.2,1.79,12.429531646,5.642240506,4.3401850046153845,50.46552,1.995,14,3,0.8133316626223235,0.05738017535989881,4.3401850046153845
2023,3,665862,Jazz Chisholm Jr.,28.4,1.72,12.165130769,5.637923077,4.336863905384615,53.16763999999999,1.94,22,3,0.8631098859230373,0.09464483702833659,4.336863905384615
2023,4,678662,Ezequiel Tovar,28.1,1.8,12.819713656,5.417185022,4.167065401538461,49.385749999999994,1.9,11,5,0.7092045989376723,-0.054517189757252504,4.167065401538461
2023,5,665923,Esteury Ruiz,29.6,1.73,14.319311111,5.684355556,4.14934829301552,54.41664,1.915,67,13,0.8340387832669544,0.03583489496176229,4.14934829301552
2023,6,680869,Zack Gelof,29.0,1.78,12.159210884,5.35655102,4.120423861538462,52.874249999999996,1.95,14,2,0.8520617417948151,0.07088043291714574,4.120423861538462
2023,7,624428,Adam Frazier,26.5,1.79,12.576537879,5.210234848,4.007872959999999,48.7354875,1.9775,11,4,0.7446648288845559,-0.011941809733008846,4.007872959999999
2023,8,681546,James Outman,28.9,1.71,12.713019802,5.209613861,4.007395277692308,56.34632999999999,2.01,16,3,0.8288873574037966,0.05012447515138285,4.007395277692308
2023,9,608070,José Ramírez,27.8,1.77,12.295364583,5.031840278,3.8706463676923075,51.28405,1.9625,28,6,0.8177768353254132,0.05772172696912714,3.8706463676923075
2023,10,608070,José Ramírez,27.8,1.8,12.295364583,5.031840278,3.8706463676923075,51.28405,1.9625,28,6,0.8177768353254132,0.05772172696912714,3.8706463676923075
2023,11,500743,Miguel Rojas,26.4,1.86,12.167167785,4.370013423,3.809950673931996,46.78343999999999,1.98,8,3,0.7433310361056948,-0.01384767550088739,3.809950673931996
2023,12,547180,Bryce Harper,27.6,1.77,11.668186722,4.916755187,3.7821193746153843,49.2936,1.9,11,3,0.7838577146153219,0.025648959895273937,3.7821193746153843
2023,13,665926,Andrés Giménez,29.2,1.74,11.260161491,4.077695652,3.7588951582067014,55.679046666666665,1.9966666666666668,30,6,0.8266657701875882,0.040288748105695604,3.7588951582067014
2023,14,641584,Jake Fraley,28.0,1.71,12.234175182,4.711321168,3.624093206153846,53.505199999999995,1.97,21,5,0.8030095670222941,0.04062962509148682,3.624093206153846
2023,15,595879,Javier Báez,28.1,1.83,10.957180952,4.696933333,3.6130256407692305,49.35203,1.93,12,0,0.9348997986877128,0.17117800999278798,3.6130256407692305
2024,1,678662,Ezequiel Tovar,28.1,1.81,12.819713656,5.417185022,4.765712168558107,51.18696,1.98,6,5,0.6183310361056948,-0.14539075258922995,4.765712168558107
2024,2,656305,Matt Chapman,28.7,1.79,11.095823529,4.584886555,4.530520311264822,53.91582,2.02,15,2,0.858786208076869,0.08450131912125347,4.530520311264822
2024,3,666139,Josh Lowe,28.4,1.73,12.320161616,4.644191919,4.4198853219228145,52.619519999999994,1.93,25,1,0.9320418250868102,0.16357677619210953,4.4198853219228145
2024,4,605141,Mookie Betts,26.7,1.82,12.429531646,5.642240506,4.3401850046153845,46.41795,1.9000000000000001,16,2,0.8649259381604834,0.10910458556724156,4.3401850046153845
2024,5,665862,Jazz Chisholm Jr.,28.6,1.73,12.165130769,5.637923077,4.336863905384615,54.545919999999995,1.9866666666666666,40,10,0.7980599377762021,0.025834615492129176,4.336863905384615
2024,6,681082,Bryson Stott,29.1,1.75,11.961878049,4.51182439,4.20879140858209,54.7371,1.98,32,3,0.897332414442278,0.11361305895478291,4.20879140858209
2024,7,641584,Jake Fraley,28.3,1.69,12.234175182,4.711321168,4.1380362485470075,54.91332,1.9799999999999998,20,5,0.7964432192563706,0.029678877079499566,4.1380362485470075
2024,8,680869,Zack Gelof,28.7,1.76,12.159210884,5.35655102,4.120423861538462,53.971785,1.99,25,3,0.8755544417482157,0.10126955279260019,4.120423861538462
2024,9,670764,Taylor Walls,27.8,1.73,12.974603659,4.370176829,4.1111729341486365,50.64048,1.98,16,4,0.7957318631076447,0.035676754751358564,4.1111729341486365
2024,10,670764,Taylor Walls,27.8,1.81,12.974603659,4.370176829,4.1111729341486365,50.64048,1.98,16,4,0.7957318631076447,0.035676754751358564,4.1111729341486365
2024,11,650333,Luis Arraez,26.7,1.77,11.507441088,5.097534743,3.921180571538461,48.06267,1.915,9,3,0.7584292104524186,0.002607857859176832,3.921180571538461
2024,12,661388,William Contreras,26.4,1.84,10.259566038,5.043672956,3.8797484276923075,46.58939999999999,1.95,9,2,0.8058310361056948,0.04865232449911261,3.8797484276923075
2024,13,681297,Colton Cowser,28.2,1.74,11.27098913,4.832184783,3.879333438199765,53.18872499999999,1.975,9,4,0.7162942543161732,-0.04888900112743921,3.879333438199765
2024,14,608070,José Ramírez,28.2,1.74,12.295364583,5.031840278,3.8706463676923075,52.515449999999994,1.95,41,7,0.8470433316545494,0.08186007621093694,3.8706463676923075
2024,15,608070,José Ramírez,28.2,1.79,12.295364583,5.031840278,3.8706463676923075,51.14069999999999,1.95,41,7,0.8470433316545494,0.08186007621093694,3.8706463676923075
2025,1,687597,Jordan Beck,28.7,1.79,11.927847222,4.215555556,4.984104464412391,50.71289999999999,1.9,19,8,0.7154155180528474,-0.058869370902768114,4.984104464412391
2025,2,608070,José Ramírez,28.4,1.75,12.295364583,5.031840278,4.648788679772739,51.53179999999999,1.91,44,7,0.8552374388873414,0.0867723899926407,4.648788679772739
2025,3,608070,José Ramírez,28.4,1.78,12.295364583,5.031840278,4.648788679772739,51.53179999999999,1.91,44,7,0.8552374388873414,0.0867723899926407,4.648788679772739
2025,4,605141,Mookie Betts,26.9,1.82,12.429531646,5.642240506,4.3401850046153845,47.99632499999999,1.95,8,2,0.7928864385127412,0.03737189200553925,4.3401850046153845
2025,5,665862,Jazz Chisholm Jr.,27.6,1.77,12.165130769,5.637923077,4.336863905384615,50.590799999999994,1.95,31,8,0.7930294676747981,0.03482071295475009,4.336863905384615
2025,6,624428,Adam Frazier,26.6,1.78,12.576537879,5.210234848,4.007872959999999,48.00103,1.93,8,6,0.6259629777732167,-0.13019120783990057,4.007872959999999
2025,7,650333,Luis Arraez,26.5,1.79,11.507441088,5.097534743,3.921180571538461,48.05775,1.95,11,4,0.7446648288845559,-0.011941809733008846,3.921180571538461
2025,8,661388,William Contreras,26.2,1.84,10.259566038,5.043672956,3.8797484276923075,45.76222999999999,1.93,6,4,0.6595531051794078,-0.09912861235892334,3.8797484276923075
2025,9,672640,Otto Lopez,28.5,1.79,12.599485632,4.495571839,3.839415696472799,51.684749999999994,1.95,15,6,0.7266652529881199,-0.043620122608981404,3.839415696472799
2025,10,547180,Bryce Harper,27.0,1.8,11.668186722,4.916755187,3.7821193746153843,47.95199999999999,1.92,12,2,0.8364892935626904,0.08094872012165188,3.7821193746153843
2025,11,681297,Colton Cowser,27.4,1.74,11.27098913,4.832184783,3.7170652176923076,51.94149499999999,1.9849999999999999,14,0,0.9417524514574273,0.18491157043533246,3.7170652176923076
2025,12,677587,Brayan Rocchio,27.0,1.85,12.381186851,4.780276817,3.6771360130769226,47.38499999999999,1.95,8,4,0.699605681040654,-0.05593489240038452,3.6771360130769226
2025,13,677587,Brayan Rocchio,27.0,1.82,12.381186851,4.780276817,3.6771360130769226,48.174749999999996,1.95,8,4,0.699605681040654,-0.05593489240038452,3.6771360130769226
2025,14,681082,Bryson Stott,28.8,1.75,11.961878049,4.51182439,3.661965117316397,52.941599999999994,1.935,24,5,0.8203910758144446,0.04392700020271545,3.661965117316397
2025,15,676391,Ernie Clement,28.6,1.78,10.286892977,4.227919732,3.6344450962098245,52.011245,1.9449999999999998,6,5,0.6183310361056948,-0.15389428617837808,3.6344450962098245
2026,1,665862,Jazz Chisholm Jr.,28.4,1.73,12.165130769,5.637923077,4.336863905384615,54.80063999999999,2.01,13,3,0.8044426941757675,0.03597764528106684,4.336863905384615
2026,2,680700,Richie Palacios,27.0,1.74,12.564669118,4.721588235,4.1809866598778,48.73364999999999,1.89,7,4,0.6808310361056948,-0.07470953733534369,4.1809866598778
2026,3,672640,Otto Lopez,28.5,1.81,12.599485632,4.495571839,4.113057492223239,50.8668,1.94,10,3,0.7718498098717288,0.0015644342746274909,4.113057492223239
2026,4,608070,José Ramírez,27.3,1.76,12.295364583,5.031840278,3.8706463676923075,50.307075,1.95,20,2,0.8849369102848562,0.12860053613488198,3.8706463676923075
2026,5,677587,Brayan Rocchio,27.3,1.78,12.381186851,4.780276817,3.6771360130769226,49.774725,1.95,9,4,0.7162942543161732,-0.040042119833801015,3.6771360130769226
2026,6,677587,Brayan Rocchio,27.3,1.85,12.381186851,4.780276817,3.6771360130769226,47.9115,1.95,9,4,0.7162942543161732,-0.040042119833801015,3.6771360130769226
2026,7,665487,Fernando Tatis Jr.,28.9,1.8,11.307440154,4.53011583,3.4847044846153845,53.19767499999999,1.99,14,6,0.7157318631076447,-0.06303101914476905,3.4847044846153845
2026,8,681082,Bryson Stott,28.5,1.79,11.961878049,4.51182439,3.4706341461538464,52.744949999999996,1.99,10,0,0.9262197718460745,0.1559343962489732,3.4706341461538464
2026,9,683083,Nasim Nuñez,29.6,1.67,11.528732719,4.505917051,3.466090039230769,57.1428,1.95,22,2,0.8928722957824523,0.09466840747726024,3.466090039230769
2026,10,677951,Bobby Witt Jr.,30.5,1.73,13.020939024,4.500591463,3.461993433076923,57.681599999999996,1.97,16,3,0.8288873574037966,-0.0029247490012173083,3.461993433076923
2026,11,669364,Xavier Edwards,28.1,1.76,12.329751656,4.399771523,3.384439633076923,51.781275,1.95,8,2,0.7928864385127412,0.029164649817816413,3.384439633076923
2026,12,669364,Xavier Edwards,28.1,1.73,12.329751656,4.399771523,3.384439633076923,52.6032,1.95,8,2,0.7928864385127412,0.029164649817816413,3.384439633076923
2026,13,805300,Jakob Marsee,27.9,1.74,11.938128205,4.371025641,3.362327416153846,51.690329999999996,1.94,14,7,0.6882037145265815,-0.07295400062467927,3.362327416153846
2026,14,804606,Konnor Griffin,29.9,1.73,12.62646,4.204876,3.3387930760679683,55.68575999999999,1.94,13,1,0.8891208725100588,0.0807908246993978,3.3387930760679683
2026,15,664983,Jake McCarthy,29.8,1.74,12.197339806,4.292359223,3.3018147869230767,56.06423,1.97,9,2,0.8058310361056948,0.0009959947814275338,3.3018147869230767
