catcher_id,season,catcher_name,pop_2b_sba,pop_3b_sba,maxeff_arm_2b_3b_sba,exchange_2b_3b_sba,pop_2b_sba_count
592663,2023,"Realmuto, J.T.",1.83,1.4,86.6,0.59,50.0
682848,2023,"Rodríguez, Endy",1.9,,84.6,0.64,19.0
650907,2023,"Pinto, René",1.87,1.49,85.7,0.61,11.0
669221,2023,"Murphy, Sean",1.9,1.52,86.5,0.67,53.0
672275,2023,"Bailey, Patrick",1.87,1.48,84.4,0.6,51.0
596142,2023,"Sánchez, Gary",1.9,1.47,85.5,0.65,24.0
686676,2023,"Lee, Korey",1.91,1.38,86.7,0.67,17.0
596117,2023,"Stubbs, Garrett",1.87,1.52,85.8,0.61,18.0
642851,2023,"Wynns, Austin",1.91,1.46,78.5,0.56,23.0
682515,2023,"Porter, Logan",1.98,,78.9,0.58,8.0
657136,2023,"Wong, Connor",1.92,1.51,85.0,0.66,60.0
542194,2023,"Bethancourt, Christian",1.87,1.47,88.0,0.67,39.0
666023,2023,"Fermin, Freddy",1.93,1.53,84.6,0.69,27.0
506702,2023,"León, Sandy",1.96,1.45,78.4,0.63,11.0
543592,2023,"Nola, Austin",1.97,1.57,80.9,0.64,28.0
571912,2023,"Maile, Luke",1.93,1.54,83.5,0.66,36.0
669127,2023,"Langeliers, Shea",1.9,1.48,87.1,0.66,68.0
681807,2023,"Fry, David",1.92,1.48,84.6,0.63,8.0
455117,2023,"Maldonado, Martín",1.93,1.51,85.1,0.66,55.0
595978,2023,"Hedges, Austin",1.95,,80.4,0.67,24.0
672515,2023,"Moreno, Gabriel",1.9,1.47,82.0,0.6,33.0
668939,2023,"Rutschman, Adley",1.91,1.46,85.3,0.65,51.0
542208,2023,"Pérez, Carlos",1.98,1.39,79.8,0.62,13.0
553869,2023,"Díaz, Elias",1.93,1.5,83.4,0.66,51.0
682626,2023,"Alvarez, Francisco",1.94,1.55,84.8,0.65,57.0
673237,2023,"Diaz, Yainer",1.9,1.51,88.5,0.69,35.0
686452,2023,"Millas, Drew",1.94,,86.6,0.72,5.0
623168,2023,"Heineman, Tyler",1.97,,79.3,0.6,10.0
645444,2023,"Herrera, Jose",1.92,,81.4,0.63,12.0
606992,2023,"Haase, Eric",1.99,1.55,83.1,0.71,15.0
663698,2023,"Bart, Joey",2.02,,84.9,0.74,11.0
656180,2023,"Adams, Riley",1.93,,84.7,0.65,20.0
543877,2023,"Vázquez, Christian",1.95,1.45,80.6,0.62,35.0
543309,2023,"Higashioka, Kyle",1.98,1.54,78.6,0.63,43.0
663728,2023,"Raleigh, Cal",1.96,1.47,84.8,0.68,66.0
575929,2023,"Contreras, Willson",1.93,1.47,86.2,0.67,34.0
641511,2023,"Delay, Jason",1.99,1.53,78.6,0.63,27.0
669224,2023,"Wells, Austin",1.91,,82.4,0.6,8.0
661388,2023,"Contreras, William",1.95,1.6,81.9,0.65,47.0
664874,2023,"Zavala, Seby",2.0,1.5,81.9,0.67,28.0
666310,2023,"Naylor, Bo",1.94,1.4,84.0,0.66,44.0
608348,2023,"Kelly, Carson",1.96,1.47,80.3,0.64,23.0
642136,2023,"Thaiss, Matt",1.98,,83.6,0.71,15.0
607732,2023,"Stallings, Jacob",1.97,1.62,82.2,0.66,41.0
643376,2023,"Jansen, Danny",1.99,1.52,80.8,0.7,30.0
663886,2023,"Stephenson, Tyler",2.01,1.58,82.1,0.69,36.0
595956,2023,"Gallagher, Cam",1.97,1.52,79.3,0.63,30.0
521692,2023,"Perez, Salvador",1.98,1.51,80.0,0.63,26.0
642336,2023,"Mejía, Francisco",1.95,1.5,87.9,0.73,24.0
518595,2023,"d'Arnaud, Travis",1.97,1.5,82.7,0.67,39.0
641680,2023,"Heim, Jonah",1.97,1.59,84.0,0.69,57.0
669257,2023,"Smith, Will",1.91,1.51,82.8,0.61,56.0
624512,2023,"McGuire, Reese",1.98,1.52,79.1,0.65,21.0
680777,2023,"Jeffers, Ryan",1.95,1.43,84.3,0.67,27.0
672386,2023,"Kirk, Alejandro",1.98,1.49,79.4,0.63,48.0
543228,2023,"Gomes, Yan",1.99,1.55,77.6,0.6,45.0
592200,2023,"Casali, Curt",1.99,1.53,78.7,0.56,13.0
668670,2023,"Rogers, Jake",1.95,1.52,79.4,0.6,30.0
656024,2023,"Pérez, Carlos",1.99,1.46,77.7,0.59,12.0
668800,2023,"Knizner, Andrew",2.01,1.54,79.6,0.67,33.0
543510,2023,"McCann, James",2.01,1.45,83.0,0.67,25.0
664954,2023,"Sullivan, Brett",2.07,1.57,81.5,0.74,11.0
665804,2023,"Amaya, Miguel",1.98,1.52,80.4,0.64,17.0
663743,2023,"Fortes, Nick",2.01,1.52,80.3,0.69,44.0
691016,2023,"Soderstrom, Tyler",1.97,1.47,84.6,0.68,8.0
608596,2023,"Murphy, Tom",2.05,,82.6,0.72,11.0
666165,2023,"Sabol, Blake",2.0,1.54,83.5,0.75,21.0
572287,2023,"Zunino, Mike",2.04,1.54,76.6,0.63,33.0
553882,2023,"Narváez, Omar",2.0,1.53,77.7,0.62,25.0
595453,2023,"Wallach, Chad",1.99,1.56,82.0,0.67,18.0
641598,2023,"Garver, Mitch",2.0,,81.4,0.72,11.0
666163,2023,"Rortvedt, Ben",1.95,,87.8,0.73,8.0
605131,2023,"Barnes, Austin",2.01,1.46,75.4,0.59,29.0
624431,2023,"Trevino, Jose",1.99,1.53,76.8,0.64,18.0
571466,2023,"Barnhart, Tucker",1.99,1.58,78.5,0.63,21.0
660688,2023,"Ruiz, Keibert",2.06,1.56,77.8,0.68,64.0
605170,2023,"Caratini, Victor",2.06,1.59,78.5,0.71,31.0
621512,2023,"Nido, Tomás",1.99,,77.2,0.57,6.0
518735,2023,"Grandal, Yasmani",2.08,1.64,77.8,0.68,69.0
681351,2023,"O'Hoppe, Logan",2.09,1.63,81.9,0.73,20.0
669134,2023,"Campusano, Luis",1.97,1.46,83.5,0.65,10.0
672275,2024,"Bailey, Patrick",1.85,1.4,84.6,0.6,58.0
606992,2024,"Haase, Eric",1.94,,82.9,0.65,12.0
592663,2024,"Realmuto, J.T.",1.85,1.42,85.1,0.65,39.0
686676,2024,"Lee, Korey",1.85,1.49,88.3,0.64,46.0
666023,2024,"Fermin, Freddy",1.88,1.54,84.3,0.64,23.0
656577,2024,"Jackson, Alex",1.96,1.39,85.0,0.66,26.0
680779,2024,"Davis, Henry",1.87,1.44,86.7,0.65,10.0
666163,2024,"Rortvedt, Ben",1.92,1.57,86.4,0.69,47.0
686482,2024,"Driscoll, Logan",1.87,1.5,85.3,0.65,6.0
682626,2024,"Alvarez, Francisco",1.92,1.51,84.2,0.63,37.0
620443,2024,"Torrens, Luis",1.87,1.37,85.2,0.61,19.0
596117,2024,"Stubbs, Garrett",1.88,1.52,85.4,0.64,22.0
680777,2024,"Jeffers, Ryan",1.93,1.48,84.2,0.65,40.0
663743,2024,"Fortes, Nick",1.93,1.51,82.3,0.62,60.0
553869,2024,"Díaz, Elias",1.9,1.52,84.1,0.65,33.0
656180,2024,"Adams, Riley",1.97,,85.6,0.68,17.0
644433,2024,"Tromp, Chadwick",1.92,1.51,80.7,0.59,9.0
665561,2024,"Marchán, Rafael",1.87,1.51,85.9,0.65,6.0
542194,2024,"Bethancourt, Christian",1.9,1.48,88.2,0.69,29.0
621512,2024,"Nido, Tomás",1.93,1.57,78.5,0.57,27.0
669127,2024,"Langeliers, Shea",1.91,1.45,86.4,0.65,70.0
672515,2024,"Moreno, Gabriel",1.89,1.48,83.5,0.62,26.0
693307,2024,"Dingler, Dillon",1.94,1.6,87.5,0.69,8.0
668670,2024,"Rogers, Jake",1.93,1.42,80.3,0.59,30.0
686780,2024,"Pagés, Pedro",1.93,1.42,85.0,0.66,39.0
673237,2024,"Diaz, Yainer",1.97,1.49,86.9,0.73,73.0
596142,2024,"Sánchez, Gary",1.96,1.49,86.9,0.65,20.0
669257,2024,"Smith, Will",1.94,1.49,82.7,0.62,57.0
657136,2024,"Wong, Connor",1.95,1.55,84.8,0.65,46.0
686452,2024,"Millas, Drew",1.94,1.54,85.6,0.72,12.0
645305,2024,"Sánchez, Ali",1.96,1.42,81.4,0.63,18.0
640902,2024,"Pereda, Jhonny",1.92,,84.3,0.68,5.0
455117,2024,"Maldonado, Martín",1.97,1.53,85.0,0.68,17.0
663698,2024,"Bart, Joey",2.0,1.51,84.4,0.69,35.0
607732,2024,"Stallings, Jacob",1.96,1.53,81.1,0.69,44.0
661388,2024,"Contreras, William",1.96,1.54,82.4,0.64,58.0
575929,2024,"Contreras, Willson",1.97,1.74,86.3,0.71,29.0
518595,2024,"d'Arnaud, Travis",1.98,1.65,82.3,0.67,37.0
661531,2024,"Serven, Brian",1.98,1.52,81.8,0.67,7.0
543877,2024,"Vázquez, Christian",1.96,1.47,79.5,0.6,32.0
595978,2024,"Hedges, Austin",1.94,1.46,82.0,0.63,19.0
663728,2024,"Raleigh, Cal",1.95,1.47,84.4,0.66,70.0
642136,2024,"Thaiss, Matt",2.01,1.5,84.5,0.72,15.0
592200,2024,"Casali, Curt",2.0,1.54,77.5,0.6,31.0
664874,2024,"Zavala, Seby",1.97,1.46,82.3,0.62,10.0
608348,2024,"Kelly, Carson",1.97,1.47,81.6,0.65,51.0
681351,2024,"O'Hoppe, Logan",2.02,1.58,83.7,0.72,59.0
543510,2024,"McCann, James",1.98,1.52,81.6,0.64,38.0
643376,2024,"Jansen, Danny",1.99,1.46,78.9,0.64,38.0
669221,2024,"Murphy, Sean",1.95,1.53,84.8,0.69,39.0
669224,2024,"Wells, Austin",1.98,1.64,81.3,0.67,45.0
642020,2024,"Robinson, Chuckie",1.97,1.52,84.6,0.69,15.0
642851,2024,"Wynns, Austin",1.96,,77.0,0.57,8.0
641680,2024,"Heim, Jonah",1.98,1.54,83.5,0.69,70.0
668939,2024,"Rutschman, Adley",1.96,1.51,84.5,0.69,55.0
672386,2024,"Kirk, Alejandro",2.0,1.53,79.8,0.64,55.0
624512,2024,"McGuire, Reese",1.98,2.11,78.0,0.6,16.0
691011,2024,"Romo, Drew",1.94,1.45,83.1,0.65,11.0
543228,2024,"Gomes, Yan",1.98,1.64,75.2,0.55,12.0
605170,2024,"Caratini, Victor",2.02,1.61,80.4,0.66,35.0
669134,2024,"Campusano, Luis",1.97,1.55,82.4,0.68,25.0
571466,2024,"Barnhart, Tucker",2.0,,76.7,0.6,8.0
571912,2024,"Maile, Luke",1.97,1.67,82.7,0.65,27.0
696100,2024,"Goodman, Hunter",1.97,,81.2,0.69,12.0
666310,2024,"Naylor, Bo",1.97,1.49,82.0,0.64,38.0
553882,2024,"Narváez, Omar",2.04,1.57,78.2,0.64,18.0
663886,2024,"Stephenson, Tyler",2.02,1.55,82.1,0.7,64.0
543309,2024,"Higashioka, Kyle",2.02,1.46,76.4,0.61,44.0
668800,2024,"Knizner, Andrew",2.03,,79.8,0.69,17.0
518735,2024,"Grandal, Yasmani",2.09,1.59,77.8,0.71,31.0
641598,2024,"Garver, Mitch",2.02,,79.3,0.67,16.0
521692,2024,"Perez, Salvador",2.01,1.54,80.1,0.63,24.0
671056,2024,"Herrera, Iván",1.99,1.68,81.0,0.67,28.0
668832,2024,"McCann, Kyle",2.0,1.58,79.6,0.69,18.0
660688,2024,"Ruiz, Keibert",2.06,1.59,78.9,0.68,57.0
624431,2024,"Trevino, Jose",2.07,1.64,76.5,0.65,44.0
665804,2024,"Amaya, Miguel",2.04,1.57,80.5,0.7,50.0
605131,2024,"Barnes, Austin",2.0,1.49,75.9,0.58,27.0
680728,2024,"Del Castillo, Adrian",2.04,1.6,76.9,0.69,13.0
681807,2024,"Fry, David",1.99,,82.5,0.68,6.0
666165,2024,"Sabol, Blake",1.99,,82.8,0.73,5.0
650907,2024,"Pinto, René",1.94,1.56,83.0,0.62,8.0
645444,2024,"Herrera, Jose",1.93,,81.5,0.64,10.0
596142,2025,"Sánchez, Gary",1.91,1.46,86.8,0.63,9.0
592663,2025,"Realmuto, J.T.",1.86,1.42,85.2,0.6,50.0
686452,2025,"Millas, Drew",1.89,1.6,86.3,0.77,6.0
672275,2025,"Bailey, Patrick",1.86,1.39,84.6,0.6,44.0
620443,2025,"Torrens, Luis",1.87,1.38,83.8,0.6,29.0
666023,2025,"Fermin, Freddy",1.9,1.52,84.0,0.63,35.0
672515,2025,"Moreno, Gabriel",1.92,,82.8,0.64,26.0
673237,2025,"Diaz, Yainer",1.95,1.54,87.1,0.71,72.0
669127,2025,"Langeliers, Shea",1.89,1.4,86.1,0.65,67.0
665561,2025,"Marchán, Rafael",1.88,1.5,87.0,0.63,24.0
682626,2025,"Alvarez, Francisco",1.93,1.52,85.3,0.66,35.0
623168,2025,"Heineman, Tyler",1.92,1.43,78.2,0.55,38.0
668670,2025,"Rogers, Jake",1.95,1.65,79.6,0.61,20.0
680779,2025,"Davis, Henry",1.89,1.44,87.0,0.65,25.0
663743,2025,"Fortes, Nick",1.93,1.44,82.5,0.62,48.0
663584,2025,"Senger, Hayden",1.89,,87.4,0.63,10.0
665966,2025,"Narváez, Carlos",1.92,1.45,79.6,0.57,63.0
694212,2025,"Basallo, Samuel",1.93,1.47,87.5,0.71,8.0
606992,2025,"Haase, Eric",1.88,1.56,83.2,0.63,8.0
665861,2025,"Rivero, Sebastián",1.93,1.46,82.0,0.65,6.0
669221,2025,"Murphy, Sean",1.92,,84.8,0.68,47.0
624512,2025,"McGuire, Reese",1.93,,78.9,0.66,19.0
681508,2025,"Gasper, Mickey",1.98,1.57,80.4,0.65,14.0
686948,2025,"Baldwin, Drake",1.95,1.47,80.6,0.62,63.0
656577,2025,"Jackson, Alex",1.9,1.43,86.1,0.66,18.0
691019,2025,"Teel, Kyle",1.96,1.69,84.9,0.69,31.0
669257,2025,"Smith, Will",1.94,1.5,83.1,0.62,53.0
696100,2025,"Goodman, Hunter",1.95,1.49,83.0,0.66,45.0
521692,2025,"Perez, Salvador",1.93,1.73,78.6,0.63,17.0
669087,2025,"Huff, Sam",1.98,1.47,82.9,0.66,11.0
687221,2025,"Rushing, Dalton",1.93,1.53,82.8,0.63,15.0
672386,2025,"Kirk, Alejandro",1.95,,81.7,0.64,65.0
693307,2025,"Dingler, Dillon",1.94,1.53,89.0,0.71,60.0
641555,2025,"Escarra, J.C.",1.92,,81.5,0.65,8.0
553869,2025,"Díaz, Elias",1.91,1.42,82.7,0.62,25.0
543877,2025,"Vázquez, Christian",1.94,1.44,80.4,0.59,39.0
680862,2025,"MacIver, Willie",2.0,1.57,81.8,0.69,9.0
656180,2025,"Adams, Riley",1.93,2.1,86.7,0.73,35.0
700337,2025,"Quero, Edgar",1.95,1.58,82.5,0.65,46.0
669224,2025,"Wells, Austin",1.97,1.56,81.0,0.63,42.0
686780,2025,"Pagés, Pedro",1.93,1.66,83.8,0.67,52.0
666310,2025,"Naylor, Bo",1.96,,82.5,0.65,59.0
595978,2025,"Hedges, Austin",1.94,1.5,82.9,0.64,21.0
455117,2025,"Maldonado, Martín",1.98,1.56,85.3,0.71,31.0
681351,2025,"O'Hoppe, Logan",2.0,1.57,84.0,0.73,50.0
657136,2025,"Wong, Connor",1.97,1.57,84.0,0.69,32.0
608348,2025,"Kelly, Carson",1.95,1.48,81.6,0.65,39.0
661388,2025,"Contreras, William",1.96,1.45,83.5,0.65,46.0
642851,2025,"Wynns, Austin",1.96,1.52,77.5,0.6,19.0
666163,2025,"Rortvedt, Ben",1.96,1.54,85.3,0.71,19.0
668939,2025,"Rutschman, Adley",1.94,1.55,87.1,0.69,29.0
680777,2025,"Jeffers, Ryan",1.98,1.51,83.6,0.68,34.0
518595,2025,"d'Arnaud, Travis",2.0,1.61,80.4,0.65,33.0
663728,2025,"Raleigh, Cal",1.97,1.45,83.1,0.68,55.0
663698,2025,"Bart, Joey",1.99,1.55,84.2,0.7,39.0
543309,2025,"Higashioka, Kyle",2.03,1.64,76.5,0.63,45.0
624431,2025,"Trevino, Jose",2.0,1.55,77.8,0.63,47.0
643376,2025,"Jansen, Danny",2.0,1.51,78.7,0.63,60.0
668800,2025,"Knizner, Andrew",2.0,1.54,80.1,0.68,13.0
650968,2025,"Pozo, Yohel",2.0,1.57,82.0,0.69,24.0
663886,2025,"Stephenson, Tyler",1.99,1.57,82.0,0.67,35.0
666165,2025,"Sabol, Blake",2.06,,81.6,0.73,9.0
676439,2025,"Feduccia, Hunter",2.01,,82.4,0.73,22.0
682663,2025,"Ramírez, Agustín",1.99,1.5,83.0,0.7,53.0
640902,2025,"Pereda, Jhonny",1.93,1.62,86.1,0.68,13.0
660688,2025,"Ruiz, Keibert",2.0,1.55,79.5,0.65,42.0
689414,2025,"Hicks, Liam",2.0,1.65,80.7,0.67,38.0
641598,2025,"Garver, Mitch",2.04,1.62,79.4,0.68,23.0
642136,2025,"Thaiss, Matt",2.0,1.57,84.0,0.71,38.0
665804,2025,"Amaya, Miguel",1.98,1.68,82.7,0.63,7.0
641680,2025,"Heim, Jonah",2.01,1.59,82.4,0.71,44.0
645444,2025,"Herrera, Jose",2.0,1.54,78.5,0.62,25.0
607732,2025,"Stallings, Jacob",2.0,1.53,79.8,0.66,36.0
690924,2025,"Fulford, Braxton",2.0,1.53,84.9,0.73,14.0
605170,2025,"Caratini, Victor",2.05,1.7,77.2,0.66,28.0
543510,2025,"McCann, James",1.99,,81.8,0.69,15.0
700250,2025,"Rice, Ben",2.07,1.55,78.6,0.68,10.0
668974,2025,"Handley, Maverick",1.92,,81.3,0.57,12.0
543592,2025,"Nola, Austin",2.07,1.52,78.1,0.69,5.0
605131,2025,"Barnes, Austin",2.11,1.63,73.2,0.65,11.0
542963,2025,"Brantly, Rob",1.93,1.53,77.7,0.55,5.0
553882,2025,"Narváez, Omar",1.99,,77.8,0.58,5.0
671056,2025,"Herrera, Iván",2.0,1.59,78.3,0.63,6.0
682848,2025,"Rodríguez, Endy",1.86,,85.4,0.56,5.0
592663,2026,"Realmuto, J.T.",1.85,1.41,86.0,0.6,31.0
606992,2026,"Haase, Eric",1.87,1.45,83.6,0.63,12.0
660710,2026,"Durán, Rodolfo",1.87,,89.0,0.64,16.0
669127,2026,"Langeliers, Shea",1.87,1.42,87.4,0.63,34.0
596117,2026,"Stubbs, Garrett",1.85,,84.6,0.63,7.0
686780,2026,"Pagés, Pedro",1.9,1.4,84.4,0.61,38.0
701852,2026,"Cavanaugh, Drew",1.89,1.5,83.7,0.63,8.0
620443,2026,"Torrens, Luis",1.87,1.42,83.3,0.6,17.0
693307,2026,"Dingler, Dillon",1.87,1.45,88.5,0.64,24.0
680779,2026,"Davis, Henry",1.89,,87.6,0.66,12.0
678218,2026,"Valenzuela, Brandon",1.88,1.39,85.0,0.64,38.0
687221,2026,"Rushing, Dalton",1.92,1.52,82.7,0.61,24.0
672275,2026,"Bailey, Patrick",1.86,1.33,84.1,0.59,32.0
691740,2026,"Susac, Daniel",1.91,1.5,85.6,0.62,17.0
672515,2026,"Moreno, Gabriel",1.9,1.41,81.6,0.62,21.0
663743,2026,"Fortes, Nick",1.93,1.44,81.2,0.64,54.0
640902,2026,"Pereda, Jhonny",2.0,,84.4,0.69,9.0
656577,2026,"Jackson, Alex",1.9,1.38,85.2,0.63,9.0
680777,2026,"Jeffers, Ryan",1.97,1.51,82.0,0.65,13.0
668939,2026,"Rutschman, Adley",1.95,1.48,85.3,0.68,30.0
665561,2026,"Marchán, Rafael",1.89,,83.2,0.61,12.0
694212,2026,"Basallo, Samuel",1.92,,87.7,0.71,24.0
695600,2026,"Jensen, Carter",1.9,1.54,83.9,0.65,20.0
691788,2026,"Mack, Joe",1.9,1.38,83.6,0.6,31.0
661388,2026,"Contreras, William",1.92,1.56,82.0,0.63,26.0
682663,2026,"Ramírez, Agustín",1.98,,82.7,0.73,8.0
595978,2026,"Hedges, Austin",1.93,,83.1,0.64,14.0
665804,2026,"Amaya, Miguel",1.94,,83.4,0.64,18.0
641555,2026,"Escarra, J.C.",1.91,1.61,81.9,0.61,12.0
553869,2026,"Díaz, Elias",1.87,1.54,83.7,0.62,9.0
691011,2026,"Romo, Drew",1.94,1.41,84.9,0.63,23.0
666023,2026,"Fermin, Freddy",1.89,1.45,84.7,0.62,30.0
663698,2026,"Bart, Joey",1.95,1.51,84.1,0.65,15.0
805672,2026,"Price, Collin",1.93,,84.7,0.69,5.0
681351,2026,"O'Hoppe, Logan",1.97,,85.1,0.75,37.0
669257,2026,"Smith, Will",1.96,1.58,82.2,0.67,17.0
686948,2026,"Baldwin, Drake",1.93,,79.8,0.61,24.0
682848,2026,"Rodríguez, Endy",1.88,,85.7,0.64,12.0
642851,2026,"Wynns, Austin",1.95,1.53,77.3,0.61,11.0
623168,2026,"Heineman, Tyler",1.94,,77.2,0.57,21.0
700337,2026,"Quero, Edgar",1.95,1.64,81.4,0.61,14.0
668670,2026,"Rogers, Jake",1.95,,79.7,0.63,13.0
691019,2026,"Teel, Kyle",1.95,1.56,85.0,0.69,13.0
696100,2026,"Goodman, Hunter",1.94,1.55,84.0,0.71,28.0
686452,2026,"Millas, Drew",1.94,1.48,84.8,0.7,15.0
689414,2026,"Hicks, Liam",1.98,1.54,82.1,0.68,29.0
608348,2026,"Kelly, Carson",1.95,1.43,84.1,0.64,37.0
676439,2026,"Feduccia, Hunter",2.01,,83.1,0.72,23.0
673237,2026,"Diaz, Yainer",1.97,,85.8,0.7,33.0
506702,2026,"León, Sandy",2.01,1.4,76.6,0.62,13.0
663886,2026,"Stephenson, Tyler",1.98,1.6,82.4,0.69,41.0
543510,2026,"McCann, James",1.99,1.58,80.1,0.64,12.0
596142,2026,"Sánchez, Gary",1.96,1.46,85.2,0.76,9.0
521692,2026,"Perez, Salvador",1.98,1.55,80.8,0.67,15.0
672386,2026,"Kirk, Alejandro",2.01,,79.9,0.65,24.0
657136,2026,"Wong, Connor",1.97,,82.7,0.67,17.0
624431,2026,"Trevino, Jose",1.99,,78.5,0.61,15.0
669224,2026,"Wells, Austin",1.98,,79.6,0.62,23.0
665966,2026,"Narváez, Carlos",1.99,1.72,76.5,0.62,19.0
643376,2026,"Jansen, Danny",2.01,,77.9,0.68,20.0
641680,2026,"Heim, Jonah",1.98,1.56,83.3,0.7,24.0
518595,2026,"d'Arnaud, Travis",1.94,,82.1,0.64,7.0
664731,2026,"Higgins, P.J.",2.04,,78.7,0.66,11.0
669134,2026,"Campusano, Luis",1.95,1.45,81.9,0.66,10.0
663728,2026,"Raleigh, Cal",2.0,,81.9,0.66,22.0
664954,2026,"Sullivan, Brett",1.99,,83.0,0.7,23.0
665861,2026,"Rivero, Sebastián",1.95,,83.5,0.65,8.0
543309,2026,"Higashioka, Kyle",2.01,,76.9,0.65,30.0
660688,2026,"Ruiz, Keibert",2.04,1.52,78.6,0.68,38.0
641598,2026,"Garver, Mitch",2.07,1.6,77.4,0.72,11.0
605170,2026,"Caratini, Victor",2.05,,79.6,0.69,31.0
543877,2026,"Vázquez, Christian",2.0,1.43,78.1,0.6,29.0
681508,2026,"Gasper, Mickey",1.96,1.49,79.7,0.59,10.0
682626,2026,"Alvarez, Francisco",1.98,1.45,85.3,0.66,14.0
666310,2026,"Naylor, Bo",1.96,1.49,82.4,0.65,10.0
683679,2026,"Rodriguez, Jesus",1.94,,84.0,0.66,7.0
671056,2026,"Herrera, Iván",1.99,,80.6,0.65,19.0
624512,2026,"McGuire, Reese",1.96,,80.6,0.53,10.0
