runner_id,season,sprint_speed_all
682829,2023,30.5
677951,2023,30.5
680118,2023,30.3
607208,2023,30.3
669352,2023,30.2
666149,2023,30.1
622761,2023,30.1
682998,2023,30.1
663368,2023,30.0
691783,2023,30.0
664983,2023,30.0
696285,2023,30.0
686668,2023,29.9
641658,2023,29.8
676356,2023,29.7
642350,2023,29.7
678225,2023,29.7
656537,2023,29.7
665923,2023,29.6
640492,2023,29.6
694497,2023,29.6
677594,2023,29.6
679032,2023,29.5
680776,2023,29.5
681987,2023,29.5
545361,2023,29.5
665161,2023,29.4
668930,2023,29.4
642708,2023,29.4
685133,2023,29.4
678894,2023,29.3
542932,2023,29.3
657041,2023,29.3
663853,2023,29.3
664314,2023,29.3
621439,2023,29.3
669003,2023,29.3
665487,2023,29.3
641796,2023,29.2
624641,2023,29.2
664057,2023,29.2
677347,2023,29.2
665926,2023,29.2
677941,2023,29.2
691026,2023,29.2
664059,2023,29.2
666152,2023,29.2
656413,2023,29.2
664702,2023,29.2
676694,2023,29.2
665750,2023,29.1
663837,2023,29.1
682622,2023,29.1
677649,2023,29.1
669392,2023,29.1
680869,2023,29.0
668731,2023,29.0
680911,2023,29.0
680574,2023,29.0
666176,2023,29.0
678009,2023,29.0
676609,2023,29.0
608671,2023,29.0
642180,2023,28.9
686759,2023,28.9
656541,2023,28.9
667472,2023,28.9
686894,2023,28.9
681546,2023,28.9
641505,2023,28.9
676059,2023,28.9
687799,2023,28.9
666181,2023,28.8
669242,2023,28.8
681082,2023,28.8
595281,2023,28.8
669743,2023,28.8
671739,2023,28.8
669369,2023,28.8
572041,2023,28.8
677950,2023,28.8
693304,2023,28.8
670042,2023,28.8
596115,2023,28.8
683002,2023,28.8
621438,2023,28.8
664056,2023,28.8
593160,2023,28.8
545350,2023,28.8
666139,2023,28.7
679881,2023,28.7
678882,2023,28.7
672724,2023,28.7
656308,2023,28.7
572191,2023,28.7
543760,2023,28.7
663630,2023,28.7
671221,2023,28.7
673357,2023,28.7
606132,2023,28.7
665833,2023,28.7
592663,2023,28.6
666160,2023,28.6
670156,2023,28.6
658668,2023,28.6
691406,2023,28.6
671289,2023,28.6
666624,2023,28.6
682928,2023,28.6
650489,2023,28.6
669016,2023,28.6
606192,2023,28.6
686217,2023,28.6
676946,2023,28.6
678545,2023,28.6
669261,2023,28.6
656716,2023,28.5
595751,2023,28.5
691023,2023,28.5
663538,2023,28.5
686452,2023,28.5
641933,2023,28.5
656305,2023,28.5
669701,2023,28.5
676724,2023,28.5
673548,2023,28.5
656448,2023,28.5
673490,2023,28.5
669127,2023,28.4
668227,2023,28.4
666134,2023,28.4
683011,2023,28.4
621545,2023,28.4
663550,2023,28.4
641525,2023,28.4
667452,2023,28.4
457705,2023,28.4
668715,2023,28.4
665862,2023,28.4
621020,2023,28.4
623205,2023,28.4
669707,2023,28.4
676391,2023,28.4
691176,2023,28.3
624415,2023,28.3
657136,2023,28.3
686823,2023,28.3
641531,2023,28.3
666703,2023,28.3
641355,2023,28.3
642137,2023,28.3
622534,2023,28.3
669222,2023,28.3
670770,2023,28.3
621035,2023,28.3
541645,2023,28.3
630105,2023,28.3
675961,2023,28.2
644374,2023,28.2
672580,2023,28.2
663624,2023,28.2
668904,2023,28.2
670764,2023,28.2
680779,2023,28.2
669364,2023,28.2
657088,2023,28.2
641943,2023,28.2
607680,2023,28.2
676801,2023,28.2
687401,2023,28.1
682985,2023,28.1
596019,2023,28.1
596117,2023,28.1
595879,2023,28.1
680757,2023,28.1
592885,2023,28.1
666906,2023,28.1
643289,2023,28.1
670097,2023,28.1
662139,2023,28.1
681481,2023,28.1
666915,2023,28.1
663586,2023,28.1
605113,2023,28.1
678662,2023,28.1
621433,2023,28.1
672284,2023,28.0
642731,2023,28.1
669477,2023,28.0
680700,2023,28.0
621028,2023,28.0
669911,2023,28.0
672356,2023,28.0
641584,2023,28.0
655316,2023,28.0
660757,2023,28.0
640458,2023,28.0
607054,2023,28.0
670242,2023,28.0
606992,2023,28.0
660670,2023,28.0
669394,2023,28.0
686676,2023,28.0
665877,2023,28.0
677592,2023,28.0
656775,2023,28.0
645302,2023,28.0
607043,2023,28.0
621493,2023,28.0
592696,2023,28.0
571976,2023,28.0
663611,2023,28.0
689172,2023,27.9
679631,2023,27.9
681297,2023,27.9
622569,2023,27.9
656514,2023,27.9
669397,2023,27.9
678246,2023,27.9
657656,2023,27.9
681351,2023,27.9
665828,2023,27.8
592192,2023,27.8
623912,2023,27.8
663697,2023,27.8
660271,2023,27.8
680814,2023,27.8
665506,2023,27.8
663457,2023,27.8
608070,2023,27.8
543257,2023,27.8
621563,2023,27.8
502054,2023,27.8
682848,2023,27.8
543807,2023,27.8
668804,2023,27.8
664023,2023,27.7
621550,2023,27.7
596103,2023,27.7
677595,2023,27.7
656811,2023,27.7
682641,2023,27.7
640449,2023,27.7
650559,2023,27.7
663757,2023,27.7
664238,2023,27.7
687263,2023,27.7
643396,2023,27.7
681962,2023,27.7
670032,2023,27.7
624414,2023,27.7
606466,2023,27.7
609280,2023,27.7
656669,2023,27.6
672820,2023,27.6
593428,2023,27.6
666185,2023,27.6
670712,2023,27.6
595909,2023,27.6
663796,2023,27.6
672779,2023,27.6
664029,2023,27.6
664728,2023,27.6
594807,2023,27.6
663743,2023,27.6
673237,2023,27.6
687952,2023,27.6
642715,2023,27.6
696100,2023,27.6
593871,2023,27.6
669004,2023,27.6
592325,2023,27.6
645277,2023,27.6
547180,2023,27.6
453568,2023,27.6
665019,2023,27.5
677551,2023,27.5
676480,2023,27.5
660821,2023,27.5
600869,2023,27.5
669720,2023,27.4
671732,2023,27.4
602074,2023,27.4
614173,2023,27.4
542194,2023,27.4
545341,2023,27.4
664770,2023,27.4
666165,2023,27.4
516416,2023,27.4
676914,2023,27.4
596146,2023,27.4
677587,2023,27.4
666310,2023,27.4
664954,2023,27.4
650859,2023,27.4
624503,2023,27.4
643446,2023,27.4
679529,2023,27.4
664040,2023,27.3
572204,2023,27.3
666969,2023,27.3
666801,2023,27.3
675656,2023,27.3
664913,2023,27.3
657077,2023,27.3
686681,2023,27.3
643565,2023,27.3
543305,2023,27.3
643217,2023,27.3
676116,2023,27.3
641343,2023,27.3
683146,2023,27.3
663993,2023,27.3
676369,2023,27.2
656248,2023,27.3
666135,2023,27.2
605141,2023,27.2
665155,2023,27.2
679845,2023,27.2
671277,2023,27.2
628451,2023,27.2
672695,2023,27.2
542364,2023,27.2
641313,2023,27.2
493329,2023,27.2
668670,2023,27.2
592206,2023,27.2
687093,2023,27.2
672515,2023,27.2
605361,2023,27.2
669257,2023,27.2
666164,2023,27.2
668709,2023,27.2
500871,2023,27.1
643376,2023,27.1
682073,2023,27.1
681146,2023,27.1
680977,2023,27.1
656896,2023,27.1
666211,2023,27.1
641856,2023,27.1
663647,2023,27.1
666182,2023,27.1
518792,2023,27.1
516782,2023,27.1
656582,2023,27.1
682617,2023,27.1
667670,2023,27.1
598265,2023,27.1
666023,2023,27.1
666971,2023,27.1
608701,2023,27.1
622110,2023,27.0
668843,2023,27.0
681807,2023,27.0
666397,2023,27.0
668939,2023,27.0
545121,2023,27.0
573262,2023,27.0
663728,2023,27.0
444482,2023,27.0
693049,2023,27.0
592656,2023,27.0
592273,2023,26.9
671218,2023,26.9
663845,2023,26.9
663886,2023,26.9
514888,2023,26.9
683737,2023,26.9
571771,2023,26.9
570731,2023,26.9
571970,2023,26.9
660644,2023,26.9
650907,2023,26.9
665742,2023,26.8
669289,2023,26.9
657557,2023,26.8
596059,2023,26.8
673962,2023,26.8
694384,2023,26.8
677588,2023,26.8
592669,2023,26.8
663616,2023,26.7
641487,2023,26.7
575929,2023,26.7
677800,2023,26.7
668942,2023,26.7
671056,2023,26.7
669224,2023,26.7
602104,2023,26.7
592450,2023,26.7
518692,2023,26.7
543939,2023,26.7
571745,2023,26.7
623993,2023,26.7
686527,2023,26.7
678554,2023,26.7
621043,2023,26.6
572816,2023,26.6
669304,2023,26.6
663656,2023,26.6
664761,2023,26.6
650490,2023,26.6
660707,2023,26.6
624585,2023,26.6
608336,2023,26.6
666197,2023,26.6
624428,2023,26.5
571657,2023,26.5
657757,2023,26.5
650391,2023,26.5
614177,2023,26.5
543281,2023,26.5
543685,2023,26.5
462101,2023,26.5
680777,2023,26.5
663698,2023,26.5
600301,2023,26.5
661388,2023,26.5
605131,2023,26.5
605612,2023,26.5
666198,2023,26.4
660162,2023,26.4
542303,2023,26.4
669357,2023,26.5
665839,2023,26.4
641511,2023,26.4
592178,2023,26.4
666150,2023,26.4
500743,2023,26.4
665489,2023,26.4
676701,2023,26.4
650402,2023,26.4
502671,2023,26.4
572233,2023,26.4
664874,2023,26.4
592626,2023,26.4
605119,2023,26.4
682626,2023,26.4
675986,2023,26.4
553993,2023,26.4
663898,2023,26.3
608324,2023,26.3
668472,2023,26.3
643265,2023,26.3
621466,2023,26.3
642336,2023,26.3
592518,2023,26.3
668901,2023,26.3
670541,2023,26.3
665120,2023,26.2
543592,2023,26.2
669087,2023,26.2
608369,2023,26.2
621566,2023,26.2
643393,2023,26.2
656180,2023,26.2
570482,2023,26.2
672275,2023,26.2
807799,2023,26.2
446334,2023,26.2
664058,2023,26.2
543228,2023,26.2
474832,2023,26.2
650333,2023,26.1
656976,2023,26.2
666018,2023,26.1
543510,2023,26.1
676632,2023,26.1
518595,2023,26.1
660620,2023,26.1
656024,2023,26.1
624424,2023,26.1
670623,2023,26.1
502110,2023,26.1
572138,2023,26.0
608596,2023,26.0
664774,2023,26.0
649966,2023,26.0
660766,2023,26.0
572287,2023,26.0
646240,2023,26.0
665804,2023,26.0
613564,2023,26.0
624413,2023,26.0
649557,2023,26.0
571912,2023,26.0
669221,2023,26.0
683021,2023,26.0
605137,2023,25.9
681584,2023,25.9
467793,2023,25.9
606115,2023,25.9
624512,2023,25.9
543543,2023,25.9
623507,2023,25.9
668800,2023,25.9
641857,2023,25.8
647304,2023,25.8
641680,2023,25.8
686469,2023,25.8
605204,2023,25.8
543063,2023,25.8
666163,2023,25.8
642086,2023,25.8
669134,2023,25.8
641598,2023,25.7
663527,2023,25.7
608348,2023,25.7
623168,2023,25.7
518934,2023,25.7
691016,2023,25.7
676475,2023,25.6
608841,2023,25.6
458015,2023,25.6
543309,2023,25.6
595777,2023,25.6
660634,2023,25.6
547989,2023,25.5
664901,2023,25.6
641645,2023,25.5
683734,2023,25.5
663905,2023,25.5
607461,2023,25.5
641820,2023,25.4
595956,2023,25.4
456781,2023,25.4
645444,2023,25.4
488726,2023,25.4
672478,2023,25.3
572761,2023,25.3
573131,2023,25.2
457759,2023,25.2
593643,2023,25.2
571875,2023,25.1
519058,2023,25.2
660688,2023,25.1
687462,2023,25.1
641432,2023,25.1
686531,2023,25.0
553869,2023,25.0
543333,2023,25.0
594777,2023,25.0
543877,2023,25.0
664034,2023,25.0
605170,2023,25.0
656941,2023,25.0
543068,2023,25.0
596847,2023,24.9
571448,2023,24.9
518626,2023,24.9
671213,2023,24.9
596142,2023,24.9
572228,2023,24.9
621512,2023,24.8
670223,2023,24.8
642851,2023,24.7
443558,2023,24.7
519203,2023,24.7
642136,2023,24.7
663609,2023,24.7
542208,2023,24.6
645801,2023,24.5
595978,2023,24.5
519317,2023,24.4
527038,2023,24.4
624431,2023,24.4
553882,2023,24.4
521692,2023,24.3
595453,2023,24.3
669742,2023,24.0
592200,2023,23.8
672386,2023,23.7
596129,2023,23.6
607732,2023,23.6
608385,2023,23.5
642133,2023,23.5
571466,2023,23.2
455117,2023,23.2
408234,2023,23.1
542583,2023,23.0
518735,2023,22.8
506702,2023,22.7
677951,2024,30.5
679032,2024,30.1
682829,2024,30.0
682729,2024,30.0
666149,2024,30.0
691718,2024,30.0
687363,2024,30.0
622761,2024,29.9
642350,2024,29.9
641658,2024,29.8
665161,2024,29.8
676356,2024,29.8
694671,2024,29.8
664983,2024,29.8
677941,2024,29.7
694497,2024,29.7
696285,2024,29.7
694192,2024,29.7
621439,2024,29.7
680118,2024,29.6
663368,2024,29.6
607208,2024,29.6
677594,2024,29.6
680776,2024,29.6
642201,2024,29.6
682998,2024,29.6
656537,2024,29.5
669003,2024,29.5
682668,2024,29.5
683083,2024,29.5
665923,2024,29.4
702616,2024,29.4
666152,2024,29.4
668930,2024,29.3
686217,2024,29.3
694362,2024,29.3
681393,2024,29.3
686668,2024,29.3
686611,2024,29.3
657041,2024,29.3
678009,2024,29.3
687529,2024,29.2
677956,2024,29.2
693304,2024,29.2
624641,2024,29.2
681460,2024,29.1
686554,2024,29.1
656413,2024,29.1
681082,2024,29.1
542932,2024,29.0
642708,2024,29.0
676059,2024,29.0
640492,2024,29.0
678225,2024,29.0
593160,2024,29.0
670042,2024,28.9
621438,2024,28.9
663853,2024,28.9
545361,2024,28.9
694377,2024,28.9
665877,2024,28.9
677347,2024,28.9
676694,2024,28.9
672642,2024,28.9
665926,2024,28.9
683002,2024,28.9
657088,2024,28.8
665833,2024,28.8
673357,2024,28.8
656541,2024,28.8
694388,2024,28.8
677649,2024,28.8
666181,2024,28.8
663837,2024,28.8
681546,2024,28.8
678882,2024,28.8
691026,2024,28.8
666176,2024,28.8
682622,2024,28.8
595281,2024,28.7
682868,2024,28.7
680869,2024,28.7
642180,2024,28.7
672640,2024,28.7
691594,2024,28.7
695578,2024,28.7
687401,2024,28.7
664314,2024,28.7
676801,2024,28.7
656305,2024,28.7
669200,2024,28.7
677942,2024,28.6
678246,2024,28.6
687597,2024,28.6
666160,2024,28.6
683011,2024,28.6
578428,2024,28.6
606192,2024,28.6
663897,2024,28.6
686894,2024,28.6
666915,2024,28.6
669208,2024,28.5
668723,2024,28.5
665862,2024,28.6
682928,2024,28.5
543760,2024,28.5
701538,2024,28.5
677008,2024,28.5
667472,2024,28.5
624415,2024,28.5
665750,2024,28.5
572191,2024,28.5
669707,2024,28.5
667452,2024,28.5
665506,2024,28.5
662139,2024,28.5
592885,2024,28.5
608671,2024,28.5
666139,2024,28.4
656716,2024,28.4
808982,2024,28.4
657136,2024,28.4
592663,2024,28.4
663538,2024,28.4
676391,2024,28.4
607680,2024,28.4
691023,2024,28.4
669364,2024,28.4
663662,2024,28.4
665487,2024,28.4
641355,2024,28.4
701305,2024,28.3
672569,2024,28.3
669261,2024,28.3
672279,2024,28.3
641584,2024,28.3
660844,2024,28.3
673490,2024,28.3
673548,2024,28.3
686452,2024,28.3
682177,2024,28.3
671739,2024,28.3
656775,2024,28.3
668885,2024,28.3
681624,2024,28.3
676609,2024,28.3
681297,2024,28.2
608070,2024,28.2
669016,2024,28.2
664056,2024,28.2
671289,2024,28.2
596103,2024,28.2
672761,2024,28.2
669065,2024,28.2
687263,2024,28.2
686823,2024,28.2
668715,2024,28.2
700242,2024,28.1
666134,2024,28.1
676070,2024,28.1
669369,2024,28.1
642215,2024,28.1
543807,2024,28.1
594807,2024,28.1
668731,2024,28.1
677588,2024,28.1
678662,2024,28.1
681351,2024,28.1
668227,2024,28.1
621035,2024,28.1
596115,2024,28.1
668845,2024,28.1
623912,2024,28.0
621545,2024,28.0
660271,2024,28.1
678877,2024,28.1
642731,2024,28.0
541645,2024,28.0
669743,2024,28.0
607043,2024,28.0
670156,2024,28.0
664238,2024,28.0
663697,2024,28.0
669477,2024,28.0
696100,2024,28.0
677870,2024,28.0
680718,2024,28.0
596117,2024,28.0
668804,2024,28.0
675961,2024,28.0
657061,2024,28.0
641943,2024,28.0
664023,2024,27.9
650489,2024,27.9
647351,2024,27.9
663586,2024,27.9
672580,2024,27.9
669242,2024,27.9
672284,2024,27.9
669394,2024,27.9
663550,2024,27.9
664728,2024,27.9
671218,2024,27.9
606992,2024,27.9
695336,2024,27.9
680700,2024,27.9
669004,2024,27.8
680474,2024,27.8
691176,2024,27.8
657656,2024,27.8
656811,2024,27.8
621020,2024,27.8
682641,2024,27.8
592192,2024,27.8
645302,2024,27.8
621550,2024,27.8
677950,2024,27.8
670764,2024,27.8
669699,2024,27.8
676113,2024,27.8
689172,2024,27.8
669127,2024,27.8
643396,2024,27.8
658668,2024,27.8
690993,2024,27.7
665019,2024,27.7
680779,2024,27.7
669137,2024,27.7
679845,2024,27.7
660670,2024,27.7
543257,2024,27.7
595909,2024,27.7
605113,2024,27.7
681481,2024,27.7
630105,2024,27.7
666158,2024,27.7
686765,2024,27.7
682985,2024,27.7
624503,2024,27.7
669397,2024,27.6
691723,2024,27.6
596019,2024,27.6
628451,2024,27.6
669701,2024,27.6
671732,2024,27.6
682657,2024,27.6
605346,2024,27.6
663624,2024,27.6
666703,2024,27.6
668709,2024,27.6
649557,2024,27.6
655316,2024,27.6
663330,2024,27.6
686676,2024,27.6
621563,2024,27.6
682073,2024,27.6
667670,2024,27.6
595879,2024,27.5
677800,2024,27.5
641933,2024,27.5
670242,2024,27.5
665052,2024,27.5
593871,2024,27.5
687231,2024,27.5
545341,2024,27.5
693307,2024,27.5
676369,2024,27.5
660644,2024,27.5
663611,2024,27.5
682617,2024,27.5
542194,2024,27.5
621028,2024,27.5
607054,2024,27.5
622534,2024,27.5
702358,2024,27.5
650559,2024,27.5
668952,2024,27.5
670276,2024,27.5
700250,2024,27.5
592206,2024,27.4
665828,2024,27.4
687093,2024,27.4
593428,2024,27.4
547180,2024,27.4
694376,2024,27.4
669911,2024,27.4
605361,2024,27.4
687952,2024,27.4
600869,2024,27.4
642715,2024,27.4
672356,2024,27.4
669257,2024,27.4
453568,2024,27.4
664913,2024,27.4
666185,2024,27.3
666624,2024,27.3
669222,2024,27.3
666182,2024,27.3
622569,2024,27.3
673962,2024,27.3
672820,2024,27.3
683737,2024,27.3
643289,2024,27.3
608701,2024,27.3
592696,2024,27.3
669289,2024,27.3
680716,2024,27.3
502054,2024,27.2
671056,2024,27.3
679529,2024,27.2
695391,2024,27.2
673995,2024,27.2
645277,2024,27.2
641343,2024,27.2
676914,2024,27.2
660821,2024,27.2
665489,2024,27.2
664040,2024,27.2
643565,2024,27.2
573262,2024,27.2
671277,2024,27.2
805779,2024,27.2
672515,2024,27.2
514888,2024,27.1
673237,2024,27.1
606466,2024,27.1
621311,2024,27.1
641313,2024,27.1
516782,2024,27.1
575929,2024,27.1
676632,2024,27.1
680757,2024,27.1
665782,2024,27.1
676572,2024,27.1
670032,2024,27.1
668670,2024,27.1
656248,2024,27.1
669720,2024,27.1
686527,2024,27.1
571771,2024,27.0
663698,2024,27.0
676116,2024,27.0
680977,2024,27.0
668942,2024,27.0
543305,2024,27.0
691016,2024,27.0
672695,2024,27.0
621466,2024,27.0
663457,2024,27.0
664770,2024,27.0
592348,2024,26.9
678554,2024,26.9
623520,2024,26.9
674441,2024,26.9
666464,2024,26.9
681146,2024,26.9
571970,2024,26.9
683146,2024,26.9
444482,2024,26.9
691011,2024,26.9
650859,2024,26.9
592325,2024,26.9
656582,2024,26.9
624585,2024,26.9
602104,2024,26.9
663757,2024,26.9
666969,2024,26.8
592450,2024,26.8
518792,2024,26.8
665742,2024,26.8
671286,2024,26.8
666135,2024,26.8
543685,2024,26.8
660162,2024,26.8
677587,2024,26.8
596146,2024,26.8
670097,2024,26.8
457705,2024,26.8
621043,2024,26.8
642197,2024,26.8
656577,2024,26.8
657557,2024,26.8
641487,2024,26.8
621493,2024,26.8
686681,2024,26.8
643265,2024,26.8
656896,2024,26.7
592669,2024,26.7
545121,2024,26.7
672012,2024,26.7
608324,2024,26.7
663743,2024,26.7
605141,2024,26.7
657077,2024,26.7
613564,2024,26.7
669224,2024,26.7
624428,2024,26.7
660766,2024,26.7
643217,2024,26.7
666397,2024,26.7
650333,2024,26.7
665120,2024,26.7
657757,2024,26.7
693049,2024,26.6
666165,2024,26.6
609280,2024,26.6
620443,2024,26.6
669234,2024,26.6
650402,2024,26.6
668904,2024,26.6
666310,2024,26.6
666023,2024,26.6
666971,2024,26.6
668939,2024,26.6
663728,2024,26.6
643376,2024,26.6
493329,2024,26.5
663886,2024,26.5
682988,2024,26.5
656180,2024,26.5
553993,2024,26.5
608336,2024,26.5
595777,2024,26.5
670770,2024,26.5
664901,2024,26.5
646240,2024,26.5
661388,2024,26.4
691406,2024,26.4
666150,2024,26.4
656976,2024,26.4
663647,2024,26.4
695238,2024,26.4
663527,2024,26.4
694384,2024,26.4
663993,2024,26.4
683734,2024,26.3
624424,2024,26.3
502671,2024,26.3
680777,2024,26.3
643446,2024,26.3
664761,2024,26.3
676701,2024,26.3
543228,2024,26.3
668901,2024,26.3
663905,2024,26.3
663616,2024,26.3
681807,2024,26.2
571745,2024,26.2
669357,2024,26.2
572233,2024,26.2
660707,2024,26.2
665839,2024,26.2
681584,2024,26.2
691182,2024,26.2
518934,2024,26.1
665561,2024,26.1
624413,2024,26.1
807799,2024,26.1
608385,2024,26.1
670541,2024,26.1
661531,2024,26.1
608596,2024,26.1
694359,2024,26.0
664874,2024,26.0
663656,2024,26.0
592273,2024,26.0
623993,2024,26.0
690291,2024,26.0
649966,2024,26.0
663898,2024,26.0
641598,2024,26.0
467793,2024,25.9
641857,2024,25.9
686780,2024,25.9
571657,2024,25.9
700932,2024,25.9
670623,2024,25.9
669304,2024,25.9
572138,2024,25.9
656941,2024,25.8
592518,2024,25.8
605131,2024,25.8
502110,2024,25.8
518692,2024,25.8
500743,2024,25.8
665953,2024,25.8
682626,2024,25.8
593934,2024,25.8
666018,2024,25.8
592178,2024,25.7
542303,2024,25.7
518595,2024,25.7
605204,2024,25.6
606115,2024,25.6
666163,2024,25.6
686797,2024,25.6
683021,2024,25.6
686469,2024,25.6
608348,2024,25.6
642086,2024,25.6
592626,2024,25.5
608841,2024,25.5
624512,2024,25.5
680728,2024,25.5
642020,2024,25.5
686482,2024,25.5
621566,2024,25.5
665804,2024,25.5
571912,2024,25.5
676475,2024,25.5
456781,2024,25.5
650490,2024,25.4
605137,2024,25.4
543309,2024,25.4
457759,2024,25.4
571448,2024,25.3
608369,2024,25.3
668832,2024,25.3
656555,2024,25.3
595978,2024,25.3
547989,2024,25.3
641680,2024,25.3
672275,2024,25.2
669221,2024,25.2
668853,2024,25.2
687462,2024,25.2
650391,2024,25.2
664774,2024,25.2
543510,2024,25.1
647304,2024,25.2
543063,2024,25.1
664034,2024,25.1
570482,2024,25.1
669134,2024,25.0
645444,2024,25.0
668800,2024,25.0
645305,2024,25.0
660688,2024,25.0
642136,2024,24.9
663609,2024,24.9
596142,2024,24.8
543877,2024,24.8
621512,2024,24.7
672386,2024,24.7
641645,2024,24.7
572761,2024,24.6
519317,2024,24.6
521692,2024,24.5
519203,2024,24.5
624431,2024,24.5
640902,2024,24.5
592200,2024,24.4
553869,2024,24.4
605170,2024,24.4
571466,2024,24.4
641432,2024,24.3
644433,2024,24.2
642133,2024,24.2
671213,2024,24.1
527038,2024,24.0
607732,2024,23.9
596129,2024,23.9
518735,2024,23.2
553882,2024,23.1
455117,2024,23.1
645801,2024,22.8
607208,2025,30.3
677951,2025,30.2
687363,2025,30.2
621439,2025,30.2
656537,2025,30.1
679032,2025,30.1
663604,2025,30.1
642201,2025,29.9
664983,2025,29.9
669326,2025,29.9
682998,2025,29.8
683083,2025,29.8
677956,2025,29.8
681987,2025,29.7
691783,2025,29.7
694362,2025,29.7
682668,2025,29.6
802415,2025,29.6
666149,2025,29.6
665161,2025,29.6
672016,2025,29.5
691718,2025,29.5
686668,2025,29.5
676356,2025,29.5
680737,2025,29.4
624641,2025,29.4
805249,2025,29.4
682729,2025,29.4
664702,2025,29.4
683090,2025,29.4
701358,2025,29.3
666152,2025,29.3
608671,2025,29.3
622761,2025,29.3
696285,2025,29.3
657041,2025,29.3
666181,2025,29.3
621438,2025,29.3
669288,2025,29.2
677594,2025,29.2
672724,2025,29.2
680574,2025,29.2
694192,2025,29.2
665833,2025,29.2
690022,2025,29.2
678894,2025,29.2
695734,2025,29.1
687957,2025,29.1
678882,2025,29.1
683766,2025,29.1
680776,2025,29.1
663368,2025,29.1
672569,2025,29.1
663968,2025,29.1
690924,2025,29.1
682829,2025,29.1
694497,2025,29.0
678009,2025,29.0
807713,2025,29.0
677347,2025,29.0
673357,2025,29.0
689200,2025,29.0
686611,2025,29.0
676059,2025,29.0
682622,2025,29.0
669200,2025,29.0
669003,2025,29.0
664059,2025,28.9
687637,2025,28.9
656541,2025,28.9
694671,2025,28.9
668930,2025,28.9
686475,2025,28.9
670231,2025,28.9
678489,2025,28.9
693304,2025,28.9
686217,2025,28.9
641658,2025,28.9
691185,2025,28.8
677649,2025,28.8
677942,2025,28.8
656413,2025,28.8
681082,2025,28.8
681393,2025,28.8
665750,2025,28.8
664056,2025,28.8
669707,2025,28.8
682927,2025,28.8
687401,2025,28.7
807712,2025,28.7
808975,2025,28.7
681715,2025,28.7
671083,2025,28.7
670042,2025,28.7
701675,2025,28.7
691176,2025,28.7
687597,2025,28.7
805904,2025,28.7
691023,2025,28.7
685301,2025,28.7
676391,2025,28.6
665487,2025,28.6
681460,2025,28.6
687515,2025,28.6
596115,2025,28.6
663538,2025,28.6
702616,2025,28.6
672640,2025,28.5
669127,2025,28.6
681546,2025,28.5
680577,2025,28.5
543760,2025,28.5
666160,2025,28.5
694388,2025,28.5
696030,2025,28.5
671289,2025,28.5
669369,2025,28.5
670156,2025,28.5
701538,2025,28.5
621020,2025,28.5
671739,2025,28.5
683002,2025,28.5
680837,2025,28.4
695681,2025,28.4
700242,2025,28.4
682653,2025,28.4
663897,2025,28.4
608070,2025,28.4
669208,2025,28.4
695336,2025,28.4
641584,2025,28.4
656775,2025,28.4
669242,2025,28.4
691026,2025,28.4
662139,2025,28.4
607680,2025,28.4
667472,2025,28.4
679845,2025,28.4
686894,2025,28.4
592663,2025,28.4
683011,2025,28.3
670224,2025,28.3
673548,2025,28.4
677950,2025,28.3
663853,2025,28.3
669364,2025,28.3
677592,2025,28.3
680779,2025,28.3
606992,2025,28.3
656716,2025,28.3
542932,2025,28.3
668885,2025,28.3
681962,2025,28.3
641933,2025,28.3
669450,2025,28.3
669016,2025,28.3
676609,2025,28.3
680474,2025,28.3
663586,2025,28.2
595751,2025,28.2
664068,2025,28.3
687231,2025,28.2
694374,2025,28.2
691728,2025,28.2
650489,2025,28.2
641355,2025,28.2
670764,2025,28.2
666211,2025,28.2
691777,2025,28.2
676694,2025,28.2
663697,2025,28.2
592885,2025,28.2
682928,2025,28.2
690987,2025,28.2
808982,2025,28.2
642215,2025,28.1
702332,2025,28.1
701305,2025,28.1
606192,2025,28.1
810938,2025,28.1
630105,2025,28.1
694377,2025,28.1
656305,2025,28.1
687263,2025,28.1
645302,2025,28.1
805300,2025,28.1
642180,2025,28.1
681624,2025,28.1
624415,2025,28.1
672744,2025,28.1
668804,2025,28.1
663330,2025,28.1
660757,2025,28.1
666139,2025,28.1
680869,2025,28.0
596103,2025,28.0
691594,2025,28.0
694376,2025,28.0
660271,2025,28.0
543807,2025,28.0
690993,2025,28.0
668715,2025,28.0
666624,2025,28.0
643289,2025,28.0
642715,2025,28.0
686765,2025,28.0
657136,2025,28.0
665926,2025,28.0
665019,2025,27.9
660670,2025,27.9
669261,2025,27.9
666158,2025,27.9
691723,2025,27.9
669394,2025,27.9
676679,2025,27.9
700246,2025,27.9
683770,2025,27.9
682177,2025,27.9
666176,2025,27.9
672580,2025,27.9
647351,2025,27.9
641313,2025,27.9
545361,2025,27.9
702176,2025,27.8
669743,2025,27.8
695578,2025,27.8
691781,2025,27.8
672761,2025,27.8
664728,2025,27.8
621035,2025,27.8
686554,2025,27.8
671284,2025,27.8
592192,2025,27.8
650559,2025,27.8
657656,2025,27.8
572191,2025,27.8
578428,2025,27.8
701350,2025,27.8
660844,2025,27.8
642731,2025,27.8
687221,2025,27.7
702284,2025,27.8
676724,2025,27.8
686555,2025,27.7
668227,2025,27.7
677588,2025,27.7
695391,2025,27.7
677008,2025,27.7
663837,2025,27.7
664913,2025,27.7
655316,2025,27.7
682657,2025,27.7
664238,2025,27.7
592206,2025,27.7
687551,2025,27.7
663662,2025,27.7
680718,2025,27.7
666185,2025,27.6
665862,2025,27.6
678662,2025,27.6
692216,2025,27.6
663624,2025,27.6
665052,2025,27.6
669477,2025,27.6
593428,2025,27.6
676914,2025,27.6
676070,2025,27.6
656577,2025,27.6
669720,2025,27.6
686676,2025,27.6
677800,2025,27.6
666134,2025,27.6
671221,2025,27.6
673490,2025,27.6
656811,2025,27.6
666310,2025,27.6
693307,2025,27.6
669236,2025,27.6
700250,2025,27.5
695600,2025,27.5
628451,2025,27.5
683227,2025,27.5
691720,2025,27.5
687952,2025,27.5
689172,2025,27.5
680862,2025,27.5
667670,2025,27.5
678246,2025,27.5
642708,2025,27.5
671218,2025,27.5
595879,2025,27.5
691785,2025,27.5
669701,2025,27.5
691019,2025,27.5
666397,2025,27.5
575929,2025,27.5
691016,2025,27.4
681297,2025,27.4
682641,2025,27.4
669397,2025,27.4
670097,2025,27.4
596019,2025,27.4
664023,2025,27.4
605361,2025,27.4
694203,2025,27.4
545121,2025,27.4
666165,2025,27.4
643396,2025,27.4
686452,2025,27.4
669257,2025,27.3
681351,2025,27.3
695657,2025,27.3
664770,2025,27.3
607043,2025,27.3
670032,2025,27.3
673237,2025,27.3
680757,2025,27.3
621493,2025,27.3
696100,2025,27.2
502054,2025,27.2
669722,2025,27.2
672695,2025,27.2
692225,2025,27.2
645277,2025,27.2
669004,2025,27.2
663647,2025,27.2
518792,2025,27.2
668974,2025,27.1
669065,2025,27.1
656484,2025,27.1
668709,2025,27.1
701762,2025,27.1
669289,2025,27.1
682848,2025,27.1
592450,2025,27.1
593871,2025,27.1
678877,2025,27.1
665877,2025,27.1
641343,2025,27.1
666971,2025,27.1
681481,2025,27.1
545341,2025,27.1
457705,2025,27.1
666023,2025,27.0
805367,2025,27.0
602104,2025,27.0
547180,2025,27.0
571970,2025,27.0
672356,2025,27.0
805779,2025,27.0
672515,2025,27.0
660821,2025,27.0
671286,2025,27.0
666969,2025,27.0
682988,2025,27.0
677587,2025,27.0
663457,2025,27.0
650859,2025,27.0
683146,2025,27.0
596146,2025,27.0
656582,2025,27.0
657757,2025,27.0
592669,2025,27.0
621028,2025,27.0
669911,2025,27.0
660644,2025,27.0
571771,2025,26.9
622569,2025,26.9
683748,2025,26.9
676572,2025,26.9
695238,2025,26.9
514888,2025,26.9
605141,2025,26.9
609280,2025,26.9
664040,2025,26.9
671732,2025,26.9
665489,2025,26.9
678554,2025,26.9
677870,2025,26.9
573262,2025,26.9
663886,2025,26.8
656248,2025,26.8
641856,2025,26.8
668904,2025,26.8
695506,2025,26.8
681508,2025,26.8
681146,2025,26.8
641943,2025,26.8
670242,2025,26.8
668670,2025,26.8
493329,2025,26.8
663743,2025,26.8
670770,2025,26.7
805373,2025,26.8
600869,2025,26.7
678011,2025,26.7
663757,2025,26.7
668939,2025,26.7
679529,2025,26.7
682663,2025,26.7
608701,2025,26.7
641487,2025,26.7
682985,2025,26.7
680700,2025,26.7
672820,2025,26.7
691406,2025,26.7
669234,2025,26.7
641857,2025,26.7
643217,2025,26.7
681807,2025,26.6
663698,2025,26.6
606466,2025,26.6
670092,2025,26.6
666126,2025,26.6
673962,2025,26.6
624428,2025,26.6
665828,2025,26.6
663584,2025,26.6
620443,2025,26.6
516782,2025,26.6
688363,2025,26.6
656180,2025,26.6
680977,2025,26.6
687859,2025,26.5
691182,2025,26.5
686527,2025,26.5
621043,2025,26.5
664761,2025,26.5
663656,2025,26.5
643446,2025,26.5
683737,2025,26.5
650333,2025,26.5
671277,2025,26.5
657557,2025,26.5
807799,2025,26.4
669224,2025,26.4
543510,2025,26.4
553993,2025,26.4
676801,2025,26.4
663898,2025,26.4
623168,2025,26.3
595777,2025,26.3
518595,2025,26.3
678391,2025,26.3
665561,2025,26.3
656976,2025,26.3
671056,2025,26.3
681584,2025,26.2
676701,2025,26.2
690976,2025,26.2
660162,2025,26.2
571657,2025,26.2
676439,2025,26.2
689414,2025,26.2
663993,2025,26.2
572233,2025,26.2
650402,2025,26.2
670541,2025,26.2
668942,2025,26.2
688760,2025,26.2
661388,2025,26.2
666182,2025,26.1
643376,2025,26.1
665839,2025,26.1
502671,2025,26.1
650490,2025,26.1
666464,2025,26.1
686948,2025,26.1
663616,2025,26.1
686797,2025,26.1
672284,2025,26.1
657077,2025,26.1
668901,2025,26.0
624585,2025,26.0
663728,2025,26.0
671655,2025,26.0
624424,2025,26.0
694384,2025,26.0
649966,2025,26.0
676044,2025,26.0
608324,2025,26.0
686681,2025,26.0
664774,2025,26.0
608348,2025,26.0
683734,2025,26.0
694208,2025,26.0
623993,2025,26.0
682626,2025,26.0
641598,2025,26.0
624512,2025,25.9
668800,2025,25.9
665804,2025,25.9
500743,2025,25.9
669357,2025,25.9
680728,2025,25.9
676116,2025,25.9
666018,2025,25.9
656941,2025,25.9
680777,2025,25.9
656896,2025,25.9
666163,2025,25.8
701398,2025,25.8
641555,2025,25.8
543592,2025,25.8
677595,2025,25.8
592518,2025,25.8
608385,2025,25.8
665742,2025,25.8
592178,2025,25.7
672275,2025,25.7
642086,2025,25.7
467793,2025,25.6
694212,2025,25.7
670623,2025,25.6
686780,2025,25.6
669717,2025,25.6
518934,2025,25.6
518692,2025,25.6
605131,2025,25.6
665966,2025,25.6
676475,2025,25.5
690291,2025,25.5
606115,2025,25.5
666150,2025,25.5
692585,2025,25.5
686469,2025,25.5
571448,2025,25.5
687462,2025,25.5
700932,2025,25.4
665155,2025,25.3
542303,2025,25.3
608369,2025,25.3
624413,2025,25.3
457759,2025,25.3
641680,2025,25.2
621566,2025,25.2
642136,2025,25.2
605137,2025,25.2
670223,2025,25.2
592626,2025,25.2
663609,2025,25.1
543309,2025,25.1
683021,2025,25.1
664034,2025,25.1
621512,2025,25.1
456781,2025,25.0
669134,2025,25.0
553869,2025,25.0
640902,2025,25.0
646240,2025,25.0
595978,2025,25.0
700337,2025,24.9
805811,2025,24.9
665953,2025,24.9
665861,2025,24.8
643565,2025,24.9
645444,2025,24.8
669221,2025,24.8
650968,2025,24.8
656555,2025,24.8
543877,2025,24.7
596142,2025,24.6
660688,2025,24.5
527038,2025,24.5
647304,2025,24.4
671213,2025,24.4
521692,2025,24.4
642851,2025,24.4
624431,2025,24.3
605170,2025,24.3
672386,2025,24.3
570482,2025,24.2
571912,2025,23.9
669304,2025,23.8
607732,2025,23.6
642133,2025,23.5
519317,2025,23.5
669087,2025,23.4
455117,2025,23.1
703607,2026,30.6
695508,2026,30.4
622761,2026,30.3
642201,2026,30.3
677951,2026,30.3
694371,2026,30.1
804606,2026,29.9
664983,2026,29.9
642350,2026,29.9
621439,2026,29.8
607208,2026,29.8
682668,2026,29.8
669003,2026,29.8
687363,2026,29.7
682998,2026,29.7
664702,2026,29.7
656537,2026,29.7
683083,2026,29.6
694362,2026,29.6
702222,2026,29.6
691718,2026,29.6
669326,2026,29.6
686475,2026,29.5
699912,2026,29.5
802415,2026,29.5
665923,2026,29.5
681987,2026,29.5
805999,2026,29.5
695257,2026,29.4
663968,2026,29.4
666152,2026,29.4
696285,2026,29.3
687749,2026,29.3
695734,2026,29.3
686611,2026,29.3
701358,2026,29.2
669392,2026,29.2
665161,2026,29.2
663604,2026,29.2
676551,2026,29.1
682622,2026,29.1
678882,2026,29.1
691023,2026,29.1
657041,2026,29.1
680776,2026,29.1
687401,2026,29.0
673357,2026,29.0
676356,2026,29.0
807713,2026,29.0
621438,2026,29.0
691907,2026,29.0
677649,2026,29.0
687637,2026,29.0
665750,2026,29.0
701162,2026,28.9
701538,2026,28.9
665487,2026,28.9
694249,2026,28.9
686894,2026,28.9
694497,2026,28.9
677594,2026,28.9
814439,2026,28.8
693304,2026,28.8
691783,2026,28.8
666181,2026,28.8
808975,2026,28.8
807712,2026,28.8
680869,2026,28.8
806198,2026,28.7
685133,2026,28.7
686668,2026,28.7
691594,2026,28.7
694192,2026,28.7
663368,2026,28.7
671976,2026,28.7
624641,2026,28.6
695490,2026,28.7
694728,2026,28.6
686217,2026,28.7
670042,2026,28.6
663330,2026,28.6
668930,2026,28.6
687957,2026,28.6
645302,2026,28.6
545361,2026,28.6
680574,2026,28.6
672724,2026,28.6
682987,2026,28.5
694671,2026,28.5
701807,2026,28.5
696030,2026,28.5
683011,2026,28.5
681715,2026,28.5
668715,2026,28.5
681082,2026,28.5
702616,2026,28.5
701675,2026,28.5
668723,2026,28.5
672016,2026,28.5
669707,2026,28.5
691176,2026,28.5
669127,2026,28.5
642708,2026,28.5
695731,2026,28.5
683766,2026,28.4
678489,2026,28.4
665833,2026,28.4
682928,2026,28.4
630105,2026,28.4
665862,2026,28.4
683953,2026,28.4
672640,2026,28.4
690984,2026,28.4
663538,2026,28.4
621020,2026,28.4
669398,2026,28.3
641584,2026,28.3
694388,2026,28.3
694025,2026,28.3
663837,2026,28.3
682829,2026,28.3
683002,2026,28.3
691026,2026,28.3
690924,2026,28.3
677942,2026,28.3
606992,2026,28.3
606192,2026,28.3
683679,2026,28.3
678246,2026,28.3
681624,2026,28.3
678009,2026,28.3
696135,2026,28.3
803011,2026,28.2
672761,2026,28.2
669369,2026,28.2
664954,2026,28.2
669364,2026,28.2
666160,2026,28.2
810938,2026,28.2
683357,2026,28.2
690993,2026,28.2
669699,2026,28.2
679845,2026,28.2
664059,2026,28.2
650489,2026,28.2
805808,2026,28.2
687597,2026,28.2
701678,2026,28.2
592663,2026,28.2
669016,2026,28.1
681393,2026,28.1
677800,2026,28.1
607043,2026,28.1
543760,2026,28.1
656305,2026,28.1
666176,2026,28.1
668804,2026,28.1
686765,2026,28.1
702332,2026,28.0
682997,2026,28.0
672012,2026,28.0
807747,2026,28.0
641933,2026,28.0
669477,2026,28.0
699013,2026,28.0
805347,2026,28.0
687515,2026,28.0
677870,2026,28.0
666139,2026,28.0
805904,2026,28.0
676609,2026,28.0
657656,2026,28.0
681546,2026,28.0
681297,2026,28.0
691781,2026,28.0
678662,2026,27.9
676694,2026,27.9
596103,2026,27.9
800325,2026,27.9
668952,2026,27.9
680779,2026,27.9
691723,2026,27.9
667472,2026,27.9
702284,2026,27.9
670764,2026,27.9
676391,2026,27.9
596115,2026,27.9
656775,2026,27.9
691777,2026,27.9
695336,2026,27.9
664023,2026,27.8
656716,2026,27.9
805300,2026,27.8
673548,2026,27.8
669743,2026,27.8
694203,2026,27.8
669701,2026,27.8
699393,2026,27.8
811965,2026,27.8
663586,2026,27.8
670032,2026,27.8
687263,2026,27.8
700246,2026,27.8
665019,2026,27.8
677950,2026,27.8
701305,2026,27.8
683748,2026,27.8
695600,2026,27.8
642715,2026,27.7
668904,2026,27.7
668885,2026,27.7
676724,2026,27.7
677588,2026,27.7
663697,2026,27.7
680474,2026,27.7
665926,2026,27.7
675961,2026,27.7
691373,2026,27.7
656577,2026,27.7
457705,2026,27.7
687231,2026,27.7
671289,2026,27.7
694377,2026,27.7
672580,2026,27.7
682657,2026,27.7
608070,2026,27.6
676369,2026,27.6
694514,2026,27.6
682177,2026,27.6
677592,2026,27.6
671739,2026,27.6
667670,2026,27.6
802139,2026,27.6
660271,2026,27.6
686452,2026,27.6
673490,2026,27.5
686555,2026,27.5
668709,2026,27.5
679822,2026,27.5
642215,2026,27.5
693307,2026,27.5
664056,2026,27.5
514888,2026,27.5
641355,2026,27.5
660710,2026,27.5
643396,2026,27.4
665877,2026,27.5
701350,2026,27.4
669242,2026,27.4
695578,2026,27.4
660844,2026,27.4
691785,2026,27.4
677587,2026,27.4
621493,2026,27.4
664728,2026,27.4
660670,2026,27.3
682663,2026,27.3
657136,2026,27.3
666310,2026,27.3
609280,2026,27.3
696100,2026,27.3
694374,2026,27.3
545341,2026,27.3
663457,2026,27.3
687551,2026,27.3
687221,2026,27.3
669720,2026,27.3
808982,2026,27.3
592885,2026,27.3
681351,2026,27.3
687282,2026,27.3
662139,2026,27.3
575929,2026,27.2
547180,2026,27.2
669384,2026,27.2
670097,2026,27.2
592206,2026,27.2
823550,2026,27.2
669394,2026,27.2
805367,2026,27.2
595879,2026,27.2
676439,2026,27.2
682818,2026,27.2
545121,2026,27.2
669004,2026,27.2
669257,2026,27.2
621043,2026,27.2
663494,2026,27.2
573262,2026,27.2
671218,2026,27.1
682674,2026,27.1
650859,2026,27.1
666023,2026,27.1
691016,2026,27.1
669236,2026,27.1
805779,2026,27.1
808959,2026,27.1
691720,2026,27.0
666211,2026,27.0
682848,2026,27.0
571970,2026,27.0
695506,2026,27.0
656582,2026,27.0
678391,2026,27.0
641343,2026,27.0
680757,2026,27.0
655316,2026,27.0
678554,2026,27.0
686681,2026,27.0
691740,2026,27.0
691019,2026,27.0
593428,2026,27.0
680700,2026,27.0
663743,2026,27.0
663886,2026,27.0
645277,2026,27.0
681481,2026,26.9
695020,2026,26.9
608701,2026,26.9
669397,2026,26.9
672695,2026,26.9
666624,2026,26.9
663647,2026,26.9
668227,2026,26.9
643376,2026,26.9
643289,2026,26.9
676914,2026,26.9
702176,2026,26.9
690976,2026,26.9
695720,2026,26.9
683146,2026,26.9
664040,2026,26.9
672284,2026,26.9
663853,2026,26.9
543807,2026,26.9
664770,2026,26.8
806068,2026,26.8
663616,2026,26.8
681508,2026,26.8
699625,2026,26.8
694410,2026,26.8
663611,2026,26.8
670770,2026,26.8
656811,2026,26.8
687093,2026,26.7
602104,2026,26.7
700250,2026,26.7
669899,2026,26.7
800050,2026,26.7
592450,2026,26.7
672820,2026,26.7
650333,2026,26.7
672356,2026,26.7
701398,2026,26.7
666464,2026,26.7
663757,2026,26.7
657757,2026,26.6
694378,2026,26.6
666397,2026,26.6
682985,2026,26.6
596117,2026,26.6
606466,2026,26.6
620443,2026,26.6
695657,2026,26.6
701762,2026,26.6
663698,2026,26.6
596019,2026,26.6
669065,2026,26.6
643217,2026,26.5
680777,2026,26.5
682877,2026,26.5
671732,2026,26.5
666969,2026,26.5
664761,2026,26.5
605141,2026,26.5
622268,2026,26.5
671277,2026,26.5
669289,2026,26.4
688363,2026,26.4
679529,2026,26.4
593871,2026,26.4
665052,2026,26.4
660162,2026,26.4
686797,2026,26.4
660821,2026,26.4
691788,2026,26.4
672960,2026,26.3
691406,2026,26.3
676572,2026,26.3
663656,2026,26.3
668670,2026,26.3
680728,2026,26.3
681807,2026,26.3
807799,2026,26.2
656484,2026,26.2
805811,2026,26.2
624428,2026,26.2
596146,2026,26.2
668939,2026,26.2
641555,2026,26.2
691011,2026,26.1
687859,2026,26.1
665489,2026,26.1
695238,2026,26.1
686527,2026,26.1
516782,2026,26.1
624424,2026,26.1
642086,2026,26.1
608324,2026,26.1
650490,2026,26.1
686948,2026,26.1
605137,2026,26.1
646240,2026,26.1
665561,2026,26.0
643446,2026,26.0
500743,2026,26.0
666182,2026,26.0
666971,2026,26.0
672515,2026,26.0
650391,2026,26.0
670242,2026,26.0
666126,2026,26.0
641487,2026,25.9
553993,2026,25.9
624585,2026,25.9
694384,2026,25.9
683737,2026,25.9
671056,2026,25.9
677595,2026,25.9
641857,2026,25.9
572233,2026,25.9
673237,2026,25.8
665742,2026,25.9
623168,2026,25.8
673962,2026,25.8
689414,2026,25.8
686469,2026,25.8
683734,2026,25.8
656941,2026,25.8
668942,2026,25.8
669224,2026,25.7
669134,2026,25.7
663728,2026,25.7
668901,2026,25.7
608348,2026,25.7
661388,2026,25.7
645305,2026,25.6
664774,2026,25.6
663993,2026,25.6
691458,2026,25.6
701852,2026,25.6
676475,2026,25.6
666018,2026,25.5
682626,2026,25.5
686780,2026,25.5
671655,2026,25.5
678218,2026,25.5
665861,2026,25.5
700932,2026,25.5
606115,2026,25.5
502671,2026,25.4
621566,2026,25.4
672275,2026,25.4
678011,2026,25.4
571448,2026,25.3
665966,2026,25.3
543510,2026,25.3
518692,2026,25.3
665804,2026,25.3
641680,2026,25.3
660688,2026,25.2
624413,2026,25.2
669357,2026,25.2
680977,2026,25.2
650402,2026,25.1
665953,2026,25.1
592626,2026,25.1
641598,2026,25.1
542303,2026,25.1
592518,2026,25.0
681198,2026,25.0
670623,2026,25.0
518595,2026,25.0
608369,2026,25.0
694212,2026,25.0
670541,2026,24.9
642851,2026,24.9
656555,2026,24.9
687462,2026,24.9
664034,2026,24.8
649966,2026,24.8
647304,2026,24.6
650968,2026,24.6
656976,2026,24.6
694208,2026,24.6
543309,2026,24.6
644433,2026,24.5
595978,2026,24.5
553869,2026,24.4
605170,2026,24.4
640902,2026,24.4
596142,2026,24.4
700337,2026,24.1
521692,2026,24.0
519317,2026,23.8
624431,2026,23.4
543877,2026,23.3
672386,2026,22.9
506702,2026,22.1
