runner_id,season,player_name,team,sprint_speed,jump_time,ground,burst_ft,SB,CS,net_sb,raw_succ,sb_attempts,steal_plus,steal_plus_pct,burst_pct,netspeed,surplus,sb_run_value
660271,2024,Shohei Ohtani,LAD,28.1,1.71,10.959834677615623,-0.9767076510004973,59,4,55,0.9365079365079365,63,18.162126963259446,100.0,23.23008849557522,36.837873036740554,18.162126963259446,7.693
682928,2023,CJ Abrams,WSH,28.6,1.71,10.692047436415018,-0.8841808397374766,47,4,43,0.9215686274509803,51,12.599319079784944,99.77876106194691,24.778761061946902,30.400680920215056,12.599319079784944,6.17
672580,2024,Maikel Garcia,KC,27.9,1.79,13.307536670703806,1.2268687211022336,37,2,35,0.9487179487179487,39,12.372875179047497,99.5575221238938,83.6283185840708,22.627124820952503,12.372875179047497,5.587
647304,2025,Josh Naylor,SEA,24.4,1.87,15.948745034023158,1.345878717176216,30,2,28,0.9375,32,11.979609198278077,99.33628318584071,86.28318584070797,16.020390801721923,11.979609198278077,3.904
682998,2023,Corbin Carroll,AZ,30.1,1.66,12.584650901771475,2.0893647830098523,54,5,49,0.9152542372881356,59,11.819220660099418,99.11504424778761,92.03539823008849,37.18077933990058,11.819220660099418,7.284
665742,2025,Juan Soto,NYM,25.8,1.85,14.263521222836301,0.669534252887507,38,4,34,0.9047619047619048,42,11.636873090002911,98.89380530973452,73.23008849557522,22.36312690999709,11.636873090002911,6.332
607208,2023,Trea Turner,PHI,30.3,1.77,13.652565379267033,3.3014048814908588,30,0,30,1.0,30,10.958155308003711,98.67256637168141,98.67256637168141,19.04184469199629,10.958155308003711,3.853
596115,2025,Trevor Story,BOS,28.6,1.77,11.543266962723724,-0.03296131342877118,31,1,30,0.96875,32,10.925062952021925,98.45132743362832,53.31858407079646,19.074937047978075,10.925062952021925,4.898
668930,2024,Brice Turang,MIL,29.3,1.71,11.261337519998802,0.1895489172953777,50,6,44,0.8928571428571429,56,9.727950844213652,98.23008849557522,60.39823008849557,34.27204915578635,9.727950844213652,6.924
621439,2025,Byron Buxton,MIN,30.2,1.75,10.411089964178377,-0.012133344090525355,24,0,24,1.0,24,8.821069715086114,98.00884955752213,53.98230088495575,15.178930284913886,8.821069715086114,4.172
518692,2023,Freddie Freeman,LAD,26.7,1.8,12.120842841864452,-0.8245788336498201,23,1,22,0.9583333333333334,24,8.730161118996207,97.78761061946902,26.548672566371685,13.269838881003793,8.730161118996207,2.857
666139,2024,Josh Lowe,TB,28.4,1.73,12.688799772723875,0.9684458755859282,25,1,24,0.9615384615384616,26,8.619795497331292,97.56637168141593,78.76106194690266,15.380204502668708,8.619795497331292,3.113
660670,2023,Ronald Acuña Jr.,ATL,28.0,1.75,12.279870771294917,0.2712656321860685,73,14,59,0.8390804597701149,87,8.326378844668028,97.34513274336283,65.04424778761062,50.67362115533197,8.326378844668028,6.73
666139,2023,Josh Lowe,TB,28.7,1.72,12.18972173626998,0.6855562706102063,32,3,29,0.9142857142857143,35,8.057242128611058,97.12389380530973,73.67256637168141,20.94275787138894,8.057242128611058,3.132
682928,2025,CJ Abrams,WSH,28.2,1.72,11.36284060980064,-0.5016389083227555,31,3,28,0.9117647058823529,34,8.041970375727786,96.90265486725663,37.389380530973455,19.958029624272214,8.041970375727786,3.764
681082,2024,Bryson Stott,PHI,29.1,1.75,11.19365660371716,-0.022257619971712828,32,3,29,0.9142857142857143,35,7.739060227959371,96.68141592920354,53.53982300884957,21.26093977204063,7.739060227959371,5.283
671732,2024,Lawrence Butler,ATH,27.6,1.75,10.634291481631005,-1.662564899448741,18,0,18,1.0,18,7.679438925635925,96.46017699115043,9.070796460176991,10.320561074364075,7.679438925635925,3.126
683083,2026,Nasim Nuñez,WSH,29.6,1.67,11.695546336641934,0.839946165416686,37,4,33,0.9024390243902439,41,7.628418483941012,96.23893805309734,75.66371681415929,25.37158151605899,7.628418483941012,4.662
681082,2023,Bryson Stott,PHI,28.8,1.76,10.90047369129323,-0.5316289638738159,31,3,28,0.9117647058823529,34,7.578333891921048,96.01769911504425,36.283185840707965,20.421666108078952,7.578333891921048,4.437
670764,2023,Taylor Walls,TB,28.2,1.75,13.31676157153751,1.4522820534141143,22,1,21,0.9565217391304348,23,7.498979960051148,95.79646017699115,87.61061946902655,13.501020039948852,7.498979960051148,2.606
665833,2024,Oneil Cruz,PIT,28.8,1.76,10.708822668550667,-0.7232799866163795,22,1,21,0.9565217391304348,23,7.18534351512306,95.57522123893806,30.30973451327434,13.81465648487694,7.18534351512306,2.526
608070,2026,José Ramírez,CLE,27.6,1.76,11.588224153439716,-0.7086322276400292,24,2,22,0.9230769230769231,26,7.092522892585224,95.35398230088495,31.194690265486724,14.907477107414776,7.092522892585224,2.026
592885,2024,Christian Yelich,MIL,28.5,1.74,11.583952698156372,-0.0643383884888511,21,1,20,0.9545454545454546,22,6.9359807924746235,95.13274336283186,52.21238938053098,13.064019207525376,6.9359807924746235,2.28
681082,2026,Bryson Stott,PHI,28.5,1.79,11.047050771863043,-0.6012403147821797,17,0,17,1.0,17,6.90507606691221,94.91150442477876,34.51327433628318,10.09492393308779,6.90507606691221,2.781
592885,2023,Christian Yelich,MIL,28.1,1.73,13.0274733928958,1.0909310642796797,28,3,25,0.9032258064516129,31,6.873427553349888,94.69026548672566,81.85840707964603,18.126572446650112,6.873427553349888,2.791
608070,2025,José Ramírez,CLE,28.4,1.765,11.969837513672797,0.24948361653484952,44,7,37,0.8627450980392157,51,6.831137321688303,94.46902654867256,63.495575221238944,30.168862678311697,6.831137321688303,2.955
665833,2025,Oneil Cruz,PIT,29.2,1.76,8.718969820595088,-2.4248815926010607,38,5,33,0.8837209302325582,43,6.781689553435644,94.24778761061947,2.2123893805309733,26.218310446564356,6.781689553435644,4.308
663656,2025,Kyle Tucker,CHC,26.5,1.79,13.572492024666145,0.48294472816642475,25,3,22,0.8928571428571429,28,6.645794065756251,94.02654867256636,70.13274336283186,15.35420593424375,6.645794065756251,1.621
656716,2024,Zach McKinstry,DET,28.4,1.77,11.255356044843326,-0.464997852294621,16,0,16,1.0,16,6.535258767588488,93.80530973451327,39.15929203539823,9.464741232411512,6.535258767588488,2.318
596019,2023,Francisco Lindor,NYM,28.1,1.78,12.91168214237653,0.9751398137604088,31,4,27,0.8857142857142857,35,6.534514979588582,93.58407079646017,78.98230088495575,20.465485020411418,6.534514979588582,3.605
680700,2024,Richie Palacios,TB,27.9,1.76,10.015191764230924,-2.065476185370649,19,1,18,0.95,20,6.396346245665383,93.36283185840708,4.867256637168142,11.603653754334617,6.396346245665383,1.833
663538,2023,Nico Hoerner,CHC,28.5,1.78,12.579410064658347,0.9311189780131244,43,7,36,0.86,50,6.309047255624147,93.14159292035397,77.87610619469027,29.690952744375853,6.309047255624147,5.228
669364,2024,Xavier Edwards,MIA,28.4,1.75,12.601704694685358,0.8813507975474106,31,4,27,0.8857142857142857,35,6.295878554099815,92.92035398230088,76.54867256637168,20.704121445900185,6.295878554099815,3.576
666152,2024,David Hamilton,BOS,29.4,1.68,12.196098062963577,1.1963722707528763,33,4,29,0.8918918918918919,37,6.271876591183219,92.69911504424779,82.96460176991151,22.72812340881678,6.271876591183219,4.789
607043,2024,Brandon Nimmo,NYM,28.0,1.74,12.655919174352762,0.6473140352439142,15,0,15,1.0,15,6.2631687663220745,92.47787610619469,72.56637168141593,8.736831233677925,6.2631687663220745,2.772
596019,2024,Francisco Lindor,NYM,27.6,1.795,13.22448918943166,0.9276328083519143,29,4,25,0.8787878787878788,33,6.078971363665861,92.2566371681416,77.65486725663717,18.92102863633414,6.078971363665861,2.96
681297,2025,Colton Cowser,BAL,27.4,1.74,11.821158211097654,-0.6198237909675441,14,0,14,1.0,14,6.036533322291609,92.03539823008849,34.070796460176986,7.963466677708391,6.036533322291609,1.932
680776,2023,Jarren Duran,BOS,29.5,1.71,11.747171373461239,0.8195083917432626,24,2,22,0.9230769230769231,26,5.9697953288571455,91.8141592920354,75.22123893805309,16.030204671142855,5.9697953288571455,2.802
687363,2025,Victor Scott II,STL,30.2,1.68,10.667325984919849,0.24410267665094665,34,4,30,0.8947368421052632,38,5.9666937155530135,91.5929203539823,63.27433628318584,24.033306284446986,5.9666937155530135,3.709
543807,2025,George Springer,TOR,28.0,1.81,11.364195263087067,-0.6444098760217809,18,1,17,0.9473684210526315,19,5.933347104007961,91.3716814159292,33.849557522123895,11.06665289599204,5.933347104007961,2.514
804606,2026,Konnor Griffin,PIT,29.9,1.73,10.226476344272063,-0.4129353954750119,20,1,19,0.9523809523809523,21,5.861617855993606,91.1504424778761,40.707964601769916,13.138382144006394,5.861617855993606,2.539
608070,2024,José Ramírez,CLE,28.2,1.765,11.146943012974264,-0.7175365051491323,41,7,34,0.8541666666666666,48,5.823958177498049,90.929203539823,30.752212389380528,28.17604182250195,5.823958177498049,4.167
663656,2023,Kyle Tucker,HOU,26.6,1.76,11.883466200152514,-1.134018285854479,30,5,25,0.8571428571428571,35,5.727697107032391,90.7079646017699,19.02654867256637,19.27230289296761,5.727697107032391,2.911
621020,2026,Dansby Swanson,,28.4,,13.96519930022877,2.2448454030908227,14,0,14,1.0,14,5.718351421639927,90.48672566371681,93.80530973451327,8.281648578360073,5.718351421639927,1.981
668715,2024,Spencer Steer,CIN,28.2,1.83,11.79499875040852,-0.06948076771487521,25,3,22,0.8928571428571429,28,5.563975603540527,90.2654867256637,51.991150442477874,16.436024396459473,5.563975603540527,1.674
676609,2023,José Caballero,SEA,29.0,1.75,12.514597719307483,1.2266206851258854,26,3,23,0.896551724137931,29,5.449701868301332,90.04424778761062,83.4070796460177,17.550298131698668,5.449701868301332,2.747
516782,2024,Starling Marte,NYM,27.1,1.78,10.797254935886343,-1.8599154976570276,16,1,15,0.9411764705882353,17,5.445985298020069,89.82300884955751,6.8584070796460175,9.55401470197993,5.445985298020069,2.978
593428,2025,Xander Bogaerts,SD,27.6,1.83,12.134534966132865,-0.1623214149468808,20,2,18,0.9090909090909091,22,5.3859809091105735,89.60176991150442,49.336283185840706,12.614019090889427,5.3859809091105735,1.679
650489,2023,Willi Castro,MIN,28.6,1.775,11.342767585241006,-0.2334606909114889,33,5,28,0.868421052631579,38,5.348512255526035,89.38053097345133,46.902654867256636,22.651487744473965,5.348512255526035,2.29
680869,2024,Zack Gelof,ATH,28.7,1.76,11.192639359026117,-0.3115261066336572,25,3,22,0.8928571428571429,28,5.245793702888847,89.15929203539822,45.13274336283185,16.754206297111153,5.245793702888847,3.868
691718,2024,Pete Crow-Armstrong,CHC,30.0,1.7,11.213079908491455,0.6457309792371042,27,3,24,0.9,30,5.162700815565508,88.93805309734513,72.34513274336283,18.837299184434492,5.162700815565508,4.697
663656,2024,Kyle Tucker,HOU,26.0,1.8,12.746069554184208,-0.7037917947791339,11,0,11,1.0,11,5.092990558231688,88.71681415929203,31.41592920353982,5.907009441768312,5.092990558231688,1.388
543807,2024,George Springer,TOR,28.1,1.81,12.017753498856143,0.08121117024002267,16,1,15,0.9411764705882353,17,5.059621561514454,88.49557522123894,57.743362831858406,9.940378438485546,5.059621561514454,2.065
502671,2024,Paul Goldschmidt,STL,26.3,1.84,15.75460530211277,2.520932384627601,11,0,11,1.0,11,5.017990538792364,88.27433628318585,95.57522123893806,5.982009461207636,5.017990538792364,1.979
572233,2023,Christian Walker,AZ,26.4,1.87,17.241143318530483,4.079533211538038,11,0,11,1.0,11,4.9929905323125885,88.05309734513274,99.33628318584071,6.0070094676874115,4.9929905323125885,0.986
595879,2023,Javier Báez,DET,28.1,1.83,9.95538352846185,-1.9811588001542706,12,0,12,1.0,12,4.983262278716086,87.83185840707965,5.9734513274336285,7.016737721283914,4.983262278716086,2.779
593428,2023,Xander Bogaerts,SD,27.6,1.83,13.492889247745929,1.196032866666183,19,2,17,0.9047619047619048,21,4.959345413241911,87.61061946902655,82.7433628318584,12.04065458675809,4.959345413241911,2.006
696285,2023,Jacob Young,WSH,30.0,1.78,11.082066527201771,0.5147175979474206,13,0,13,1.0,13,4.837170353411722,87.38938053097345,71.01769911504425,8.162829646588278,4.837170353411722,1.733
665487,2023,Fernando Tatis Jr.,SD,29.3,1.79,12.541896007370372,1.4701074046669476,29,4,25,0.8787878787878788,33,4.803971033197332,87.16814159292035,88.05309734513274,20.19602896680267,4.803971033197332,4.249
701538,2026,Jackson Merrill,SD,28.9,1.72,10.215621226393933,-1.1444186182803922,20,2,18,0.9090909090909091,22,4.735980740636421,86.94690265486726,18.805309734513273,13.264019259363579,4.735980740636421,1.88
665923,2023,Esteury Ruiz,ATH,29.6,1.73,11.109957158093263,0.25435698686801445,67,13,54,0.8375,80,4.494475090616611,86.72566371681415,63.716814159292035,49.50552490938339,4.494475090616611,4.956
682668,2025,Luisangel Acuña,NYM,29.6,1.73,9.639596285829631,-1.216003885395617,16,1,15,0.9411764705882353,17,4.48007595675603,86.50442477876106,17.035398230088493,10.51992404324397,4.48007595675603,2.743
592450,2024,Aaron Judge,NYY,26.8,1.82,13.528725945364016,0.6553670803424723,10,0,10,1.0,10,4.448173187630444,86.28318584070797,72.78761061946902,5.551826812369556,4.448173187630444,1.575
665161,2025,Jeremy Peña,HOU,29.6,1.76,10.888227853111369,0.03262768188612064,20,2,18,0.9090909090909091,22,4.385980649919567,86.06194690265487,56.415929203539825,13.614019350080433,4.385980649919567,2.685
647304,2026,Josh Naylor,SEA,24.6,1.84,16.511936145875385,2.053195450013895,21,4,17,0.84,25,4.370433293064858,85.84070796460178,91.5929203539823,12.629566706935142,4.370433293064858,2.528
680474,2024,Max Schuemann,ATH,27.8,1.8,12.896651479324065,0.7439207192297683,14,1,13,0.9333333333333333,15,4.331350602176007,85.61946902654867,74.11504424778761,8.668649397823993,4.331350602176007,1.216
643446,2023,Jeff McNeil,NYM,27.4,1.78,15.179715157224239,2.738733155159041,10,0,10,1.0,10,4.311809515922578,85.39823008849558,96.90265486725663,5.688190484077422,4.311809515922578,1.769
802139,2026,JJ Wetherholt,,27.6,,15.453086731260933,3.156230350181188,10,0,10,1.0,10,4.266354958686625,85.17699115044249,98.45132743362832,5.733645041313375,4.266354958686625,1.791
516782,2023,Starling Marte,NYM,27.1,1.79,10.353437401875029,-2.303733031668342,24,4,20,0.8571428571428571,28,4.263975784974232,84.95575221238938,3.0973451327433628,15.736024215025768,4.263975784974232,1.111
683002,2025,Gunnar Henderson,BAL,28.5,1.74,12.128210591202503,0.47991950455728016,30,5,25,0.8571428571428571,35,4.216333078936902,84.7345132743363,69.69026548672566,20.783666921063098,4.216333078936902,2.9
665862,2023,Jazz Chisholm Jr.,MIA,28.4,1.72,11.983252782744103,0.2628988856061554,22,3,19,0.88,25,4.211341824357012,84.51327433628319,64.38053097345133,14.788658175642988,4.211341824357012,3.655
593428,2026,Xander Bogaerts,,27.0,,12.718500874714035,-0.01073236932206001,13,1,12,0.9285714285714286,14,4.163806082552284,84.2920353982301,54.20353982300885,7.836193917447716,4.163806082552284,1.085
641343,2024,Jake Bauers,MIL,27.2,1.78,13.390404438785545,0.8052968157348985,13,1,12,0.9285714285714286,14,4.100169702421947,84.070796460177,75.0,7.899830297578053,4.100169702421947,1.874
607043,2025,Brandon Nimmo,NYM,27.3,1.76,12.830274158622966,0.31722934606504793,13,1,12,0.9285714285714286,14,4.068351512356781,83.8495575221239,66.1504424778761,7.931648487643219,4.068351512356781,1.739
605141,2024,Mookie Betts,LAD,26.7,1.82,12.41912915489167,-0.5262925206226026,16,2,14,0.8888888888888888,18,4.0476208392471555,83.6283185840708,36.50442477876106,9.952379160752844,4.0476208392471555,2.055
645277,2023,Ozzie Albies,ATL,27.6,1.765,11.180469343602166,-1.1163870374775797,13,1,12,0.9285714285714286,14,3.972896942161274,83.4070796460177,19.469026548672566,8.027103057838726,3.972896942161274,2.327
680757,2023,Steven Kwan,CLE,28.1,1.72,13.202296326201049,1.2657539975849286,21,3,18,0.875,24,3.9665245574321712,83.1858407079646,84.7345132743363,14.033475442567829,3.9665245574321712,2.083
596019,2025,Francisco Lindor,NYM,27.4,1.795,14.67809068118044,2.2371086791152415,31,6,25,0.8378378378378378,37,3.953695208913537,82.96460176991151,93.58407079646017,21.046304791086463,3.953695208913537,3.6
665926,2024,Andrés Giménez,CLE,28.9,1.73,10.795837660499584,-0.5642021841747411,30,5,25,0.8571428571428571,35,3.8981511782852145,82.7433628318584,35.39823008849557,21.101848821714785,3.8981511782852145,2.067
660821,2024,Jesús Sánchez,MIA,27.2,1.76,11.317999500163408,-1.2671081228872385,16,2,14,0.8888888888888888,18,3.843075331685359,82.52212389380531,15.04424778761062,10.156924668314641,3.843075331685359,1.471
680574,2025,Matt McLain,CIN,29.2,1.77,10.099951386085317,-1.0439000271108316,18,2,16,0.9,20,3.8054370015979746,82.30088495575221,21.01769911504425,12.194562998402025,3.8054370015979746,1.88
668227,2025,Randy Arozarena,SEA,27.7,1.79,12.321972906293455,0.09717933570643389,31,6,25,0.8378378378378378,37,3.701422416253994,82.07964601769912,58.1858407079646,21.298577583746006,3.701422416253994,4.59
622761,2023,Jorge Mateo,BAL,30.1,1.77,13.400927533306419,2.905641414544796,32,5,27,0.8648648648648649,37,3.683240074977604,81.85840707964603,98.00884955752213,23.316759925022396,3.683240074977604,3.245
686668,2025,Brenton Doyle,COL,29.5,1.77,9.940630077413962,-0.987032904304014,18,2,16,0.9,20,3.6690733298901126,81.63716814159292,23.008849557522122,12.330926670109887,3.6690733298901126,3.126
808975,2025,Hyeseong Kim,LAD,28.7,1.71,12.302870407751312,0.798704942091538,13,1,12,0.9285714285714286,14,3.6228968514444233,81.41592920353983,74.77876106194691,8.377103148555577,3.6228968514444233,2.122
656775,2024,Cedric Mullins,BAL,28.3,1.71,10.605137397389313,-1.1872793102413581,32,6,26,0.8421052631578947,38,3.6076032317709803,81.19469026548673,17.47787610619469,22.39239676822902,3.6076032317709803,2.723
665923,2026,Esteury Ruiz,,29.5,,10.912387700174943,-0.015275281543033259,22,3,19,0.88,25,3.5863416623626403,80.97345132743364,53.76106194690266,15.41365833763736,3.5863416623626403,2.214
686668,2024,Brenton Doyle,COL,29.3,1.78,9.621768088637689,-1.450020514065736,30,5,25,0.8571428571428571,35,3.579969277633534,80.75221238938053,12.168141592920353,21.420030722366466,3.579969277633534,3.294
668930,2023,Brice Turang,MIL,29.4,1.7,11.851043488987573,0.8513176967768725,26,4,22,0.8666666666666667,30,3.5717918306890937,80.53097345132744,75.88495575221239,18.428208169310906,3.5717918306890937,2.354
668804,2023,Bryan Reynolds,PIT,27.8,1.78,14.066490378145605,1.9137596180513086,12,1,11,0.9230769230769231,13,3.487170521885872,80.30973451327434,90.929203539823,7.512829478114128,3.487170521885872,1.98
657656,2023,Ramón Laureano,ATH,27.9,1.78,16.115294262773066,4.0346263131714935,12,1,11,0.9230769230769231,13,3.457625059682499,80.08849557522124,99.11504424778761,7.542374940317501,3.457625059682499,1.732
621020,2025,Dansby Swanson,CHC,28.5,1.8,11.708843732711314,0.06055264606609079,20,3,17,0.8695652173913043,23,3.342161737587107,79.86725663716814,57.30088495575221,13.657838262412893,3.342161737587107,2.915
695578,2026,James Wood,WSH,27.4,1.72,12.695453601707133,0.2544715996419349,15,2,13,0.8823529411764706,17,3.3300761770683813,79.64601769911505,63.93805309734514,9.669923822931619,3.3300761770683813,1.036
701807,2026,Carson Benge,NYM,28.5,1.73,11.239236403483476,-0.409054683161747,16,2,14,0.8888888888888888,18,3.3112570120246936,79.42477876106194,41.150442477876105,10.688742987975306,3.3112570120246936,2.135
621020,2024,Dansby Swanson,CHC,27.8,1.81,12.211064796124344,0.05833403603004683,19,3,16,0.8636363636363636,22,3.2859808831914776,79.20353982300885,57.07964601769911,12.714019116808522,3.2859808831914776,2.071
656775,2023,Cedric Mullins,BAL,28.0,1.73,10.782688437327113,-1.2259167017817347,19,3,16,0.8636363636363636,22,3.1859808572723747,78.98230088495575,16.8141592920354,12.814019142727625,3.1859808572723747,2.03
664056,2023,Harrison Bader,NYY,28.8,1.77,10.889248846967861,-0.5428538081991849,20,3,17,0.8695652173913043,23,3.1853435151230602,78.76106194690266,36.06194690265487,13.81465648487694,3.1853435151230602,1.959
664983,2023,Jake McCarthy,AZ,30.0,1.72,11.964209515420658,1.3968605861663068,26,4,22,0.8666666666666667,30,3.1627008155655076,78.53982300884957,86.94690265486726,18.837299184434492,3.1627008155655076,2.161
607208,2026,Trea Turner,PHI,29.8,1.78,12.219701251513927,1.5082267012741273,17,2,15,0.8947368421052632,19,3.156074175273133,78.31858407079646,88.49557522123894,11.843925824726867,3.156074175273133,2.077
663538,2024,Nico Hoerner,CHC,28.4,1.8,12.231953373333518,0.5115994761955704,31,6,25,0.8378378378378378,37,3.1127859000483795,78.09734513274337,70.79646017699115,21.88721409995162,3.1127859000483795,3.544
669016,2024,Brandon Marsh,PHI,28.2,1.75,10.997539650498876,-0.8669398676245201,19,3,16,0.8636363636363636,22,3.0859808313532717,77.87610619469027,25.663716814159294,12.914019168646728,3.0859808313532717,1.474
514888,2023,Jose Altuve,HOU,26.9,1.76,12.399139985300662,-0.40215606922815716,14,2,12,0.875,16,3.0807134544199464,77.65486725663717,41.5929203539823,8.919286545580054,3.0807134544199464,2.561
665862,2026,Jazz Chisholm Jr.,NYY,28.4,1.74,12.826762589153546,1.1064086920155987,27,5,22,0.84375,32,3.0705175351769753,77.43362831858407,82.07964601769912,18.929482464823025,3.0705175351769753,2.744
664702,2025,Myles Straw,TOR,29.4,1.77,10.678556905347376,-0.32116888686332423,12,1,11,0.9230769230769231,13,3.0144431266319414,77.21238938053098,44.690265486725664,7.985556873368059,3.0144431266319414,2.39
694384,2024,Nolan Schanuel,LAA,26.4,1.84,12.986503498856143,-0.17510660813630174,10,1,9,0.9090909090909091,11,2.9929905323125885,76.99115044247787,48.67256637168141,6.0070094676874115,2.9929905323125885,1.787
805808,2026,Kevin McGonigle,,28.2,,11.508559637554388,-0.35591988056900803,11,1,10,0.9166666666666666,12,2.9559895443745123,76.76991150442478,42.92035398230089,7.044010455625488,2.9559895443745123,1.788
543760,2025,Marcus Semien,TEX,28.5,1.78,11.501611896110886,-0.14667919053433742,11,1,10,0.9166666666666666,12,2.874171341349795,76.54867256637168,49.7787610619469,7.125828658650205,2.874171341349795,1.527
656305,2024,Matt Chapman,SF,28.7,1.79,11.57325393621316,0.0690884705533854,15,2,13,0.8823529411764706,17,2.8278033196110854,76.32743362831859,57.52212389380531,10.172196680388915,2.8278033196110854,1.332
666181,2023,Will Benson,CIN,28.8,1.75,10.53590424497974,-0.8961984101873064,19,3,16,0.8636363636363636,22,2.7859807535959717,76.10619469026548,24.557522123893804,13.214019246404028,2.7859807535959717,1.819
677951,2026,Bobby Witt Jr.,KC,30.3,1.73,11.275947190341617,0.9247866925654424,30,5,25,0.8571428571428571,35,2.7845145260043296,75.88495575221239,77.21238938053098,22.21548547399567,2.7845145260043296,3.11
642715,2024,Willy Adames,MIL,27.4,1.83,10.28667423630736,-2.154307765757837,21,4,17,0.84,25,2.7795237898064435,75.66371681415929,4.424778761061947,14.220476210193556,2.7795237898064435,2.723
694497,2026,Evan Carter,,28.9,,9.890519323228245,-1.4695205214460803,11,1,10,0.9166666666666666,12,2.765080403983502,75.4424778761062,11.946902654867257,7.234919596016498,2.765080403983502,1.539
663697,2023,Jonathan India,CIN,27.8,1.86,14.961510788139774,2.8087800280454776,14,2,12,0.875,16,2.753440642321074,75.22123893805309,97.56637168141593,9.246559357678926,2.753440642321074,2.117
676609,2025,José Caballero,NYY,28.3,1.78,12.315382350962183,0.5229656433315117,49,11,38,0.8166666666666667,60,2.643584050164705,75.0,71.46017699115043,35.356415949835295,2.643584050164705,3.831
656775,2025,Cedric Mullins,NYM,28.4,1.72,12.540350962185439,0.8199970650474917,22,4,18,0.8461538461538461,26,2.6197954973312925,74.77876106194691,75.4424778761062,15.380204502668708,2.6197954973312925,2.875
622761,2025,Jorge Mateo,BAL,29.3,1.75,12.39908742654645,1.3272988238430248,15,2,13,0.8823529411764706,17,2.5959850777077165,74.5575221238938,85.84070796460178,10.404014922292284,2.5959850777077165,2.33
672640,2026,Otto Lopez,MIA,28.4,1.81,11.981667976967044,0.2613140798290967,18,3,15,0.8571428571428571,21,2.57752713245989,74.33628318584071,64.15929203539822,12.42247286754011,2.57752713245989,2.016
642708,2023,Amed Rosario,LAD,29.4,1.81,11.371683488090431,0.3719576958797308,15,2,13,0.8823529411764706,17,2.557348704057155,74.11504424778761,67.69911504424779,10.442651295942845,2.557348704057155,0.882
670770,2024,TJ Friedl,CIN,26.5,1.77,11.424523617278965,-1.6650236792207558,9,1,8,0.9,10,2.5163550234843752,73.89380530973452,8.849557522123893,5.483644976515625,2.5163550234843752,0.681
643217,2023,Andrew Benintendi,CWS,27.3,1.75,12.853480464719867,0.3404356521619487,13,2,11,0.8666666666666667,15,2.5018051918108366,73.67256637168141,66.8141592920354,8.498194808189163,2.5018051918108366,1.277
682663,2025,Agustín Ramírez,MIA,26.7,1.82,20.237487862695772,7.292066187181501,16,3,13,0.8421052631578947,19,2.4947108858719975,73.45132743362832,99.77876106194691,10.505289114128002,2.4947108858719975,2.123
694192,2026,Jackson Chourio,,28.7,,8.813106804826626,-2.691058660833148,10,1,9,0.9090909090909091,11,2.417990383277761,73.23008849557522,1.3274336283185841,6.582009616722239,2.417990383277761,1.195
672695,2024,Geraldo Perdomo,AZ,27.0,1.85,12.887256687450469,0.1580234434143737,9,1,8,0.9,10,2.4027186303944887,73.00884955752213,59.51327433628318,5.597281369605511,2.4027186303944887,1.142
672695,2025,Geraldo Perdomo,AZ,27.2,1.83,12.794307423164911,0.20919980011426453,27,6,21,0.8181818181818182,33,2.378971441423161,72.78761061946902,61.283185840707965,18.62102855857684,2.378971441423161,3.203
608070,2023,José Ramírez,CLE,27.8,1.785,12.042679854662897,-0.11005090543140028,28,6,22,0.8235294117647058,34,2.3510613649322814,72.56637168141593,50.88495575221239,19.64893863506772,2.3510613649322814,0.679
666969,2023,Adolis García,TEX,27.3,1.79,11.31636690889517,-1.1966779036627493,9,1,8,0.9,10,2.3345367945405577,72.34513274336283,17.25663716814159,5.665463205459442,2.3345367945405577,1.132
680869,2023,Zack Gelof,ATH,29.0,1.78,12.678605455908643,1.3906284217270457,14,2,12,0.875,16,2.3170768928559085,72.12389380530973,86.72566371681415,9.682923107144092,2.3170768928559085,1.035
694497,2025,Evan Carter,TEX,29.0,1.72,9.026031489705288,-2.26194554447631,14,2,12,0.875,16,2.3170768928559085,72.12389380530973,3.3185840707964607,9.682923107144092,2.3170768928559085,0.433
682998,2025,Corbin Carroll,AZ,29.8,1.67,11.699522054514436,0.9880475042746362,32,6,26,0.8421052631578947,38,2.3121483505462663,71.68141592920354,79.64601769911505,23.687851649453734,2.3121483505462663,3.298
664023,2024,Ian Happ,CHC,27.9,1.8,12.67711209796797,0.5964441483663983,13,2,11,0.8666666666666667,15,2.2972596842490365,71.46017699115043,72.12389380530973,8.702740315750964,2.2972596842490365,1.782
664059,2023,Sam Haggerty,SEA,29.2,1.76,13.213635042389987,2.0697836291938376,10,1,9,0.9090909090909091,11,2.2929903508788865,71.23893805309734,91.8141592920354,6.7070096491211135,2.2929903508788865,1.989
701358,2026,Cam Smith,,29.2,,10.045728165791953,-1.098123247404196,10,1,9,0.9090909090909091,11,2.2929903508788865,71.23893805309734,20.13274336283186,6.7070096491211135,2.2929903508788865,-0.459
694671,2024,Wyatt Langford,TEX,29.8,1.76,10.138119768537207,-0.5733547817025926,19,3,16,0.8636363636363636,22,2.285980624000471,70.79646017699115,35.176991150442475,13.714019375999529,2.285980624000471,1.217
680776,2026,Jarren Duran,BOS,29.1,1.71,10.456300632485533,-0.7596135912033404,14,2,12,0.875,16,2.2807132470671405,70.57522123893806,28.761061946902654,9.71928675293286,2.2807132470671405,0.848
663697,2024,Jonathan India,CIN,28.0,1.85,10.039251049045154,-1.9693540900636943,13,2,11,0.8666666666666667,15,2.2631687663220745,70.35398230088495,6.1946902654867255,8.736831233677925,2.2631687663220745,1.069
668904,2025,Royce Lewis,MIN,26.8,1.83,12.70929807562912,-0.1640607893924244,12,2,10,0.8571428571428571,14,2.227442462682622,70.13274336283186,49.11504424778761,7.772557537317378,2.227442462682622,0.881
665833,2026,Oneil Cruz,PIT,28.4,1.78,9.122573902121742,-2.5977799950162055,21,4,17,0.84,25,2.211341824357012,69.91150442477876,1.7699115044247788,14.788658175642988,2.211341824357012,1.989
660670,2025,Ronald Acuña Jr.,ATL,27.9,1.78,11.884741398645312,-0.19592655095626021,9,1,8,0.9,10,2.1981731228326913,69.69026548672566,48.008849557522126,5.801826877167309,2.1981731228326913,1.398
641355,2025,Cody Bellinger,NYY,28.2,1.75,10.830425970207964,-1.0340535479154322,13,2,11,0.8666666666666667,15,2.19498693046814,69.46902654867256,21.460176991150444,8.80501306953186,2.19498693046814,1.479
669477,2026,Casey Schmitt,,28.0,,10.671013995424572,-1.3375911436842767,9,1,8,0.9,10,2.1754458442147158,69.24778761061947,13.938053097345133,5.824554155785284,2.1754458442147158,0.936
547180,2025,Bryce Harper,PHI,27.0,1.8,12.692504373570179,-0.03672887046591633,12,2,10,0.8571428571428571,14,2.1638060825522842,69.02654867256636,53.09734513274337,7.836193917447716,2.1638060825522842,0.096
686217,2024,Sal Frelick,MIL,29.3,1.68,13.604059294224818,2.5322706915213935,18,3,15,0.8571428571428571,21,2.1479815665801194,68.80530973451327,96.01769911504425,12.85201843341988,2.1479815665801194,1.013
663538,2025,Nico Hoerner,CHC,28.6,1.79,12.695508835129344,1.1192805589768486,29,6,23,0.8285714285714286,35,2.136787603773982,68.58407079646017,82.30088495575221,20.863212396226018,2.136787603773982,3.794
642201,2025,Eli White,ATL,29.9,1.75,10.924013217900985,0.2846014781539097,10,1,9,0.9090909090909091,11,2.1179903055204594,68.36283185840708,65.48672566371681,6.882009694479541,2.1179903055204594,1.783
696135,2026,Kahlil Watson,,28.3,,11.680026241421073,-0.11239046620959847,9,1,8,0.9,10,2.1072640083607848,68.14159292035397,50.66371681415929,5.892735991639215,2.1072640083607848,0.944
621020,2023,Dansby Swanson,CHC,28.4,1.79,12.461828376620462,0.7414744794825143,9,1,8,0.9,10,2.084536729742805,67.92035398230088,73.89380530973452,5.915463270257195,2.084536729742805,0.291
592518,2024,Manny Machado,SD,25.8,1.86,10.412442470730722,-3.181544499218072,11,2,9,0.8461538461538461,13,2.078079765953282,67.69911504424779,0.4424778761061947,6.921920234046718,2.078079765953282,-0.557
663604,2025,Brandon Lockridge,MIL,30.1,1.75,11.391269681065804,0.8959835623041812,10,1,9,0.9090909090909091,11,2.067990292560909,67.47787610619469,76.76991150442478,6.932009707439091,2.067990292560909,1.784
660670,2024,Ronald Acuña Jr.,ATL,27.7,1.76,11.72826049656843,-0.4965330740185916,16,3,13,0.8421052631578947,19,2.062892592130428,67.2566371681416,38.05309734513274,10.937107407869572,2.062892592130428,0.471
677594,2025,Julio Rodríguez,SEA,29.2,1.77,12.376197877616931,1.2323464644207824,30,6,24,0.8333333333333334,36,2.0497866028763525,67.03539823008849,83.8495575221239,21.950213397123647,2.0497866028763525,2.911
665926,2023,Andrés Giménez,CLE,29.2,1.74,13.02107881397748,1.8772274007813312,30,6,24,0.8333333333333334,36,2.0497866028763525,67.03539823008849,90.7079646017699,21.950213397123647,2.0497866028763525,2.688
677950,2023,Alek Thomas,AZ,28.8,1.74,10.625953438299018,-0.8061492168680289,9,1,8,0.9,10,1.9936276152708956,66.5929203539823,27.43362831858407,6.006372384729104,1.9936276152708956,-0.167
669707,2025,Jared Triolo,PIT,28.8,1.79,12.520161709953797,1.0880590547867506,13,2,11,0.8666666666666667,15,1.9904414229063434,66.3716814159292,81.41592920353983,9.009558577093657,1.9904414229063434,1.738
592518,2025,Manny Machado,SD,25.8,1.88,13.109410846454043,-0.484576123494751,14,3,11,0.8235294117647058,17,1.9482581554773688,66.1504424778761,38.27433628318584,9.051741844522631,1.9482581554773688,0.9
683002,2024,Gunnar Henderson,BAL,28.9,1.74,11.769317979378535,0.40927813470420915,21,4,17,0.84,25,1.9272508416322953,65.929203539823,68.36283185840708,15.072749158367705,1.9272508416322953,2.81
502671,2023,Paul Goldschmidt,STL,26.4,1.84,18.03180191091374,4.870191803921294,11,2,9,0.8461538461538461,13,1.9008069927330586,65.7079646017699,99.5575221238938,7.099193007266941,1.9008069927330586,0.932
663647,2024,Ke'Bryan Hayes,PIT,26.4,1.85,14.541199479657292,1.3795893726648476,11,2,9,0.8461538461538461,13,1.9008069927330586,65.7079646017699,86.50442477876106,7.099193007266941,1.9008069927330586,0.686
665926,2025,Andrés Giménez,TOR,28.0,1.73,11.008512007438126,-1.000093131670722,12,2,10,0.8571428571428571,14,1.845624181900602,65.2654867256637,22.566371681415927,8.154375818099398,1.845624181900602,1.283
683083,2025,Nasim Nuñez,WSH,29.8,1.64,12.464135715246938,1.7526611650071384,9,1,8,0.9,10,1.7663548290911226,65.04424778761062,89.38053097345133,6.233645170908877,1.7663548290911226,1.589
671277,2024,Luis García Jr.,WSH,27.2,1.78,13.643589656417992,1.058482033367346,22,5,17,0.8148148148148148,27,1.7646129975280402,64.82300884955751,80.75221238938053,15.23538700247196,1.7646129975280402,2.017
665487,2025,Fernando Tatis Jr.,SD,28.6,1.8,13.066141030816848,1.4899127546643527,32,7,25,0.8205128205128205,39,1.7524204727767199,64.60176991150442,88.27433628318585,23.24757952722328,1.7524204727767199,1.615
701538,2024,Jackson Merrill,SD,28.5,1.72,10.402422529697459,-1.245868556947764,16,3,13,0.8421052631578947,19,1.7174379571371752,64.38053097345133,15.929203539823009,11.282562042862825,1.7174379571371752,1.07
607208,2025,Trea Turner,PHI,30.3,1.78,13.0042565394735,2.653096041697326,36,7,29,0.8372093023255814,43,1.706689274805317,64.15929203539822,96.46017699115043,27.293310725194683,1.706689274805317,3.362
682829,2025,Elly De La Cruz,CIN,29.1,1.745,10.1085935495447,-1.107320674144173,37,8,29,0.8222222222222222,45,1.6645060073763318,63.93805309734514,19.911504424778762,27.335493992623668,1.6645060073763318,2.905
823550,2026,Sung-Mun Song,,27.2,,11.034068631408962,-1.5510389916416845,11,2,9,0.8461538461538461,13,1.6644432951060928,63.716814159292035,10.84070796460177,7.335556704893907,1.6644432951060928,2.185
592206,2023,Nick Castellanos,PHI,27.2,1.85,11.713214910510024,-0.8718927125406228,11,2,9,0.8461538461538461,13,1.6644432951060928,63.716814159292035,25.442477876106196,7.335556704893907,1.6644432951060928,0.488
672724,2026,Oswald Peraza,,28.6,,11.780304131341675,0.20407585518917948,12,2,10,0.8571428571428571,14,1.6547150415095917,63.27433628318584,61.06194690265486,8.345284958490408,1.6547150415095917,0.644
622761,2026,Jorge Mateo,,30.3,,11.440065132552819,1.088904634776645,9,1,8,0.9,10,1.652718436001237,63.05309734513275,81.63716814159292,6.347281563998763,1.652718436001237,0.897
673357,2023,Luis Robert Jr.,CWS,28.7,1.76,11.698900905877936,0.19473544021816203,20,4,16,0.8333333333333334,24,1.639251745333297,62.83185840707964,60.61946902654868,14.360748254666703,1.639251745333297,2.468
672640,2024,Otto Lopez,MIA,28.7,1.79,11.384728197832759,-0.11943726782701525,20,4,16,0.8333333333333334,24,1.639251745333297,62.83185840707964,50.442477876106196,14.360748254666703,1.639251745333297,1.965
663757,2023,Trent Grisham,SD,27.7,1.73,11.403960884582602,-0.8208326860044188,15,3,12,0.8333333333333334,18,1.6385298241235642,62.38938053097345,27.212389380530972,10.361470175876436,1.6385298241235642,1.738
680776,2024,Jarren Duran,BOS,29.6,1.7,10.509785513907435,-0.34581465731781336,34,7,27,0.8292682926829268,41,1.6284184839410116,62.16814159292036,43.584070796460175,25.37158151605899,1.6284184839410116,1.464
622761,2024,Jorge Mateo,BAL,29.9,1.76,10.630392581446275,-0.009019158300800356,13,2,11,0.8666666666666667,15,1.6154413257097175,61.94690265486725,54.424778761061944,9.384558674290282,1.6154413257097175,0.883
671739,2023,Michael Harris II,ATL,28.8,1.71,11.714144695299316,0.28204204013226963,20,4,16,0.8333333333333334,24,1.5847062766501505,61.72566371681416,65.2654867256637,14.41529372334985,1.5847062766501505,2.563
656941,2025,Kyle Schwarber,PHI,25.9,1.79,15.690779706634368,2.168855547178298,10,2,8,0.8333333333333334,12,1.5832624342306874,61.504424778761056,92.69911504424779,6.416737565769313,1.5832624342306874,-0.3
681082,2025,Bryson Stott,PHI,28.8,1.75,11.75700174942807,0.32489909426102415,24,5,19,0.8275862068965517,29,1.5815200842856,61.283185840707965,66.3716814159292,17.4184799157144,1.5815200842856,2.664
670764,2026,Taylor Walls,,27.9,,11.605948439933098,-0.47471950966847487,15,3,12,0.8333333333333334,18,1.5567116210988452,61.06194690265486,38.93805309734513,10.443288378901155,1.5567116210988452,1.489
670770,2023,TJ Friedl,CIN,28.3,1.72,11.095968887094603,-0.6964478205360685,27,6,21,0.8181818181818182,33,1.5539712275905906,60.84070796460177,31.63716814159292,19.44602877240941,1.5539712275905906,2.304
669701,2024,Josh Smith,TEX,27.6,1.73,11.493754349539573,-0.8031020315401722,11,2,9,0.8461538461538461,13,1.546261446292612,60.61946902654868,27.876106194690266,7.453738553707388,1.546261446292612,0.089
681546,2023,James Outman,LAD,28.9,1.71,11.846992487750045,0.4869526430757194,16,3,13,0.8421052631578947,19,1.5447106396405452,60.39823008849557,70.35398230088495,11.455289360359455,1.5447106396405452,2.256
665926,2026,Andrés Giménez,,27.7,,13.287239940788588,1.0624463702015667,11,2,9,0.8461538461538461,13,1.5167159840892408,60.17699115044248,80.97345132743364,7.483284015910759,1.5167159840892408,0.931
643396,2024,Isiah Kiner-Falefa,TOR,27.8,1.83,11.808366180986285,-0.3443645791080119,11,2,9,0.8461538461538461,13,1.4871705218858722,59.95575221238938,43.80530973451327,7.512829478114128,1.4871705218858722,0.424
664728,2024,Kyle Isbel,KC,27.9,1.72,10.595128216630034,-1.4855397329715387,11,2,9,0.8461538461538461,13,1.4576250596824991,59.73451327433629,11.504424778761061,7.542374940317501,1.4576250596824991,-0.41
621438,2025,Tyrone Taylor,NYM,29.3,1.78,13.243788551644828,2.1719999489414032,12,2,10,0.8571428571428571,14,1.431987711053413,59.51327433628318,92.92035398230088,8.568012288946587,1.431987711053413,2.173
605141,2023,Mookie Betts,LAD,27.2,1.79,13.86192365316467,1.2768160301140234,14,3,11,0.8235294117647058,17,1.407348924369506,59.29203539823009,85.17699115044249,9.592651075630494,1.407348924369506,2.052
645277,2025,Ozzie Albies,ATL,27.2,1.785,11.734551816102078,-0.8505558069485684,14,3,11,0.8235294117647058,17,1.407348924369506,59.29203539823009,25.88495575221239,9.592651075630494,1.407348924369506,1.056
668715,2023,Spencer Steer,CIN,28.4,1.82,15.21314246624501,3.492788569107063,15,3,12,0.8333333333333334,18,1.3521661135370486,58.849557522123895,98.89380530973452,10.647833886462951,1.3521661135370486,0.617
683953,2026,Travis Bazzana,CLE,28.4,1.76,13.557687294538324,1.8373333974003767,15,3,12,0.8333333333333334,18,1.3521661135370486,58.849557522123895,90.04424778761062,10.647833886462951,1.3521661135370486,1.48
678246,2026,Miguel Vargas,,28.3,,13.069735567218409,1.2773188595877372,11,2,9,0.8461538461538461,13,1.3394432108690202,58.4070796460177,85.39823008849558,7.66055678913098,1.3394432108690202,0.491
668930,2026,Brice Turang,MIL,28.6,1.73,11.353004081998833,-0.22322419415366213,15,3,12,0.8333333333333334,18,1.2703479105123332,58.1858407079646,47.34513274336283,10.729652089487667,1.2703479105123332,0.435
680757,2025,Steven Kwan,CLE,27.3,1.73,12.064226618220966,-0.4488181943369529,21,5,16,0.8076923076923077,26,1.2697956658054501,57.9646017699115,39.823008849557525,14.73020433419455,1.2697956658054501,1.566
680574,2026,Matt McLain,,28.6,,13.00608756111784,1.4298592849653442,11,2,9,0.8461538461538461,13,1.2508068242589072,57.743362831858406,87.16814159292035,7.749193175741093,1.2508068242589072,1.085
664023,2023,Ian Happ,CHC,27.7,1.805,11.917615095919496,-0.30717847466752524,14,3,11,0.8235294117647058,17,1.2141670561167004,57.52212389380531,45.57522123893805,9.7858329438833,1.2141670561167004,1.334
677649,2025,Ezequiel Duran,TEX,28.8,1.79,11.444638339389044,0.012535684221997911,11,2,9,0.8461538461538461,13,1.1917158998521646,57.30088495575221,55.088495575221245,7.808284100147835,1.1917158998521646,-0.162
670042,2024,Luke Raley,SEA,28.9,1.74,9.344906771931399,-2.015133072742927,11,2,9,0.8461538461538461,13,1.1621704376487934,57.07964601769911,5.0884955752212395,7.837829562351207,1.1621704376487934,1.085
621438,2024,Tyrone Taylor,NYM,28.9,1.77,12.634171040236845,1.2741311955625196,11,2,9,0.8461538461538461,13,1.1621704376487934,57.07964601769911,84.95575221238938,7.837829562351207,1.1621704376487934,1.078
518692,2024,Freddie Freeman,LAD,25.8,1.81,14.510648783624156,0.9166618136753613,9,2,7,0.8181818181818182,11,1.1429905711912394,56.63716814159292,76.99115044247787,5.857009428808761,1.1429905711912394,0.874
666139,2025,Josh Lowe,TB,28.1,1.75,12.532269322208764,0.5957269935926437,18,4,14,0.8181818181818182,22,1.135980844312824,56.415929203539825,71.90265486725663,12.864019155687176,1.135980844312824,0.723
677594,2024,Julio Rodríguez,SEA,29.6,1.77,11.241874212451522,0.3862740412262742,24,5,19,0.8275862068965517,29,1.0542472203485218,56.19469026548673,68.14159292035397,17.945752779651478,1.0542472203485218,0.419
660821,2025,Jesús Sánchez,MIA,27.0,1.75,14.834330874347023,2.1050976303109277,13,3,10,0.8125,16,1.044349808631182,55.97345132743363,92.2566371681416,8.955650191368818,1.044349808631182,1.528
669364,2026,Xavier Edwards,MIA,28.2,1.75,11.027936399490699,-0.8365431186326973,14,3,11,0.8235294117647058,17,1.020985187863893,55.75221238938053,26.327433628318587,9.979014812136107,1.020985187863893,1.277
668804,2024,Bryan Reynolds,PIT,28.0,1.77,10.993406899026601,-1.0151982400822472,10,2,8,0.8333333333333334,12,1.010535013057659,55.530973451327434,22.345132743362832,6.989464986942341,1.010535013057659,0.736
661388,2024,William Contreras,MIL,26.4,1.84,15.62102581848242,2.4594157114899744,9,2,7,0.8181818181818182,11,0.9929905323125885,55.309734513274336,94.91150442477876,6.0070094676874115,0.9929905323125885,0.745
663968,2025,Jake Mangum,TB,29.1,1.765,11.656921006593997,0.44100678290512363,27,6,21,0.8181818181818182,33,0.9539710720759764,55.088495575221245,68.80530973451327,20.046028927924024,0.9539710720759764,1.778
663538,2026,Nico Hoerner,CHC,28.4,1.81,12.98580387181114,1.2654499746731922,14,3,11,0.8235294117647058,17,0.9437124405627682,54.86725663716814,84.51327433628319,10.056287559437232,0.9437124405627682,2.537
682998,2026,Corbin Carroll,,29.7,,10.697187702621695,-0.08634965811082829,11,2,9,0.8461538461538461,13,0.9258067400218302,54.64601769911505,51.32743362831859,8.07419325997817,0.9258067400218302,0.634
593428,2024,Xander Bogaerts,SD,27.4,1.83,12.578903365508127,0.1379213634429295,13,3,10,0.8125,16,0.8988952254761244,54.424778761061944,59.070796460176986,9.101104774523876,0.8988952254761244,1.088
662139,2024,Daulton Varsho,TOR,28.5,1.77,11.784051137128246,0.13576005048302342,10,2,8,0.8333333333333334,12,0.8741713413497951,54.20353982300885,58.849557522123895,7.125828658650205,0.8741713413497951,0.634
641584,2023,Jake Fraley,CIN,28.0,1.71,11.250666641034021,-0.7579384980748269,21,5,16,0.8076923076923077,26,0.856159194958261,53.98230088495575,28.98230088495575,15.143840805041739,0.856159194958261,1.562
669016,2023,Brandon Marsh,PHI,28.6,1.73,10.003111021396851,-1.573117254755644,10,2,8,0.8333333333333334,12,0.8468986070082218,53.76106194690266,10.619469026548673,7.153101392991778,0.8468986070082218,0.679
687401,2025,Joey Ortiz,MIL,28.7,1.77,10.375401022742563,-1.1287644429172108,14,3,11,0.8235294117647058,17,0.8278033196110854,53.53982300884957,19.24778761061947,10.172196680388915,0.8278033196110854,0.276
807712,2025,Luke Keaschall,MIN,28.7,1.78,11.561478629028084,0.057313163368309716,14,3,11,0.8235294117647058,17,0.8278033196110854,53.53982300884957,56.85840707964602,10.172196680388915,0.8278033196110854,0.627
543760,2023,Marcus Semien,TEX,28.7,1.77,12.29829342774034,0.7941279620805659,14,3,11,0.8235294117647058,17,0.8278033196110854,53.53982300884957,74.5575221238938,10.172196680388915,0.8278033196110854,0.627
670042,2023,Luke Raley,TB,28.8,1.73,11.299628134391961,-0.13247452077508548,14,3,11,0.8235294117647058,17,0.789166945960524,52.876106194690266,50.0,10.210833054039476,0.789166945960524,1.074
607208,2024,Trea Turner,PHI,29.6,1.79,13.068730200194732,2.213130028969484,19,4,15,0.8260869565217391,23,0.7671615885522751,52.654867256637175,93.36283185840708,14.232838411447725,0.7671615885522751,2.259
672695,2023,Geraldo Perdomo,AZ,27.2,1.805,14.427271901493741,1.8421642784430947,16,4,12,0.8,20,0.7145281463170665,52.43362831858407,90.2654867256637,11.285471853682933,0.7145281463170665,0.753
670770,2025,TJ Friedl,CIN,26.7,1.75,11.642836540618129,-1.3025851348961428,12,3,9,0.8,15,0.7063506993726296,52.21238938053098,14.380530973451327,8.29364930062737,0.7063506993726296,0.821
500743,2024,Miguel Rojas,LAD,25.8,1.88,15.93704481227291,2.343057842324116,8,2,6,0.8,10,0.6754459738102172,51.991150442477874,94.46902654867256,5.324554026189783,0.6754459738102172,0.729
663368,2024,Blake Perkins,MIL,29.6,1.73,11.085374012342118,0.22977384111687016,23,5,18,0.8214285714285714,28,0.673066281715812,51.76991150442478,61.72566371681416,17.326933718284188,0.673066281715812,1.956
682657,2026,Angel Martínez,CLE,27.7,1.805,11.74165953438299,-0.4831340362040315,9,2,7,0.8181818181818182,11,0.6679904480755114,51.54867256637168,38.49557522123894,6.3320095519244886,0.6679904480755114,0.233
665862,2025,Jazz Chisholm Jr.,NYY,27.6,1.77,12.075013110515734,-0.22184327056401187,31,8,23,0.7948717948717948,39,0.6387843388778371,51.32743362831859,47.56637168141593,22.361215661122163,0.6387843388778371,2.417
671056,2025,Iván Herrera,STL,26.3,1.84,14.678168675625276,1.444495758140107,8,2,6,0.8,10,0.5618095807203307,51.10619469026548,87.38938053097345,5.438190419279669,0.5618095807203307,0.928
543807,2023,George Springer,TOR,27.8,1.8,12.152959359440182,0.00022859934588481678,20,5,15,0.8,25,0.5522510036266777,50.88495575221239,54.64601769911505,14.447748996373322,0.5522510036266777,0.706
663647,2025,Ke'Bryan Hayes,PIT,27.2,1.83,15.173577356120754,2.5884697330701076,12,3,9,0.8,15,0.5358961097378003,50.66371681415929,96.23893805309734,8.4641038902622,0.5358961097378003,0.536
641355,2024,Cody Bellinger,CHC,28.4,1.73,11.72291302202485,0.002559124886902353,9,2,7,0.8181818181818182,11,0.4929904027170853,50.442477876106196,54.86725663716814,6.507009597282915,0.4929904027170853,1.384
691718,2025,Pete Crow-Armstrong,CHC,29.5,1.68,10.448949084263395,-0.4787138974545808,35,8,27,0.813953488372093,43,0.4885076592637425,50.22123893805309,38.716814159292035,26.511492340736257,0.4885076592637425,2.014
670764,2024,Taylor Walls,TB,27.8,1.77,10.7529815973624,-1.3997491627318972,16,4,12,0.8,20,0.4418008029013425,50.0,12.831858407079647,11.558199197098658,0.4418008029013425,0.582
669701,2025,Josh Smith,TEX,27.5,1.72,11.197203813546164,-1.171715378026306,12,3,9,0.8,15,0.4336233559569038,49.7787610619469,17.920353982300885,8.566376644043096,0.4336233559569038,0.182
605141,2025,Mookie Betts,LAD,26.9,1.82,13.764137109022048,0.9628410544932287,8,2,6,0.8,10,0.4254459090124669,49.557522123893804,78.53982300884957,5.574554090987533,0.4254459090124669,0.732
686668,2026,Brenton Doyle,COL,28.7,1.77,9.925377203606512,-1.578788262053262,9,2,7,0.8181818181818182,11,0.41799038327776117,49.336283185840706,10.176991150442479,6.582009616722239,0.41799038327776117,0.68
682998,2024,Corbin Carroll,AZ,29.6,1.68,11.093194106500524,0.23759393527527628,35,8,27,0.813953488372093,43,0.3907803612064278,49.11504424778761,62.61061946902655,26.609219638793572,0.3907803612064278,4.44
663728,2025,Cal Raleigh,SEA,26.0,1.855,14.40964742295788,0.9597860739945379,14,4,10,0.7777777777777778,18,0.3339845498336711,48.89380530973451,78.31858407079646,9.666015450166329,0.3339845498336711,-0.664
641584,2024,Jake Fraley,CIN,28.3,1.69,10.612266182209662,-1.1801505254210092,20,5,15,0.8,25,0.2681600209019628,48.67256637168141,17.699115044247787,14.731839979098037,0.2681600209019628,1.122
701398,2026,Sal Stewart,CIN,26.7,1.88,13.184354730184362,0.23893305467009007,11,3,8,0.7857142857142857,14,0.25926065274778765,48.451327433628315,62.83185840707964,7.740739347252212,0.25926065274778765,1.278
606466,2023,Ketel Marte,AZ,27.7,1.785,12.396728569506124,0.17193499891910236,8,2,6,0.8,10,0.24362768006864677,48.23008849557522,60.17699115044248,5.756372319931353,0.24362768006864677,0.148
682657,2025,Angel Martínez,CLE,27.7,1.81,10.470277553492126,-1.754516017094895,8,2,6,0.8,10,0.24362768006864677,48.23008849557522,7.079646017699115,5.756372319931353,0.24362768006864677,0.045
665862,2024,Jazz Chisholm Jr.,NYY,28.6,1.73,12.78070135442146,1.2044730782689648,40,10,30,0.8,50,0.19541086253425632,47.78761061946903,83.1858407079646,29.804589137465744,0.19541086253425632,1.054
643396,2025,Isiah Kiner-Falefa,TOR,27.4,1.82,11.125098542958856,-1.3158834591063417,15,4,11,0.7894736842105263,19,0.19243808025289866,47.56637168141593,14.15929203539823,10.807561919747101,0.19243808025289866,0.434
673357,2025,Luis Robert Jr.,CWS,29.0,1.77,9.57891370501083,-1.7090633291707675,33,8,25,0.8048780487804879,41,0.18750953794326364,47.34513274336283,8.185840707964601,24.812490462056736,0.18750953794326364,3.121
682928,2026,CJ Abrams,WSH,28.4,1.73,10.568126574004651,-1.152227323133296,16,4,12,0.8,20,0.1690734594856096,47.123893805309734,18.58407079646018,11.83092654051439,0.1690734594856096,1.038
694374,2025,Tim Tawa,AZ,28.2,1.78,12.414855143510774,0.5503756253873782,8,2,6,0.8,10,0.12999128697876028,46.902654867256636,71.68141592920354,5.87000871302124,0.12999128697876028,1.377
676391,2024,Ernie Clement,TOR,28.4,1.79,14.09723410936168,2.3768802122237336,12,3,9,0.8,15,0.1268050946142072,46.68141592920354,94.69026548672566,8.873194905385793,0.1268050946142072,0.935
686668,2023,Brenton Doyle,COL,29.9,1.73,10.1408528461849,-0.49855889356217453,22,5,17,0.8148148148148148,27,0.10779438627749371,46.46017699115044,37.83185840707964,16.892205613722506,0.10779438627749371,2.163
691026,2026,Masyn Winn,,28.3,,14.269506122998248,2.477089415367576,8,2,6,0.8,10,0.10726400836078476,46.23893805309734,95.13274336283186,5.892735991639215,0.10726400836078476,0.989
657136,2023,Connor Wong,BOS,28.3,1.79,9.806517869158158,-1.9858988384725134,8,2,6,0.8,10,0.10726400836078476,46.23893805309734,5.752212389380531,5.892735991639215,0.10726400836078476,0.083
702222,2026,Justin Crawford,,29.6,,10.355924199606072,-0.4996759716191761,13,3,10,0.8125,16,0.09889501812332213,45.79646017699115,37.610619469026545,9.901104981876678,0.09889501812332213,0.232
592663,2025,J.T. Realmuto,PHI,28.4,1.81,11.309941237159645,-0.41041265997830223,8,2,6,0.8,10,0.0845367297428048,45.57522123893805,40.929203539823014,5.915463270257195,0.0845367297428048,0.472
647304,2023,Josh Naylor,CLE,25.8,1.83,13.861914801357676,0.26792783140888154,10,3,7,0.7692307692307693,13,0.07807976595328192,45.35398230088495,64.82300884955751,6.921920234046718,0.07807976595328192,0.495
606192,2024,Teoscar Hernández,LAD,28.6,1.82,12.55321001700493,0.9769817408524357,12,3,9,0.8,15,0.05862325876027796,45.13274336283185,79.20353982300885,8.941376741239722,0.05862325876027796,0.621
681393,2025,Connor Norby,MIA,28.8,1.8,12.289113847396042,0.8570111922289954,8,2,6,0.8,10,-0.006372384729104397,44.911504424778755,76.10619469026548,6.006372384729104,-0.006372384729104397,1.136
547180,2023,Bryce Harper,PHI,27.6,1.77,13.303509621854394,1.0066532407746482,11,3,8,0.7857142857142857,14,-0.02710305783872613,44.690265486725664,80.30973451327434,8.027103057838726,-0.02710305783872613,1.138
667670,2024,Brent Rooker,ATH,27.6,1.81,10.818996695524753,-1.4778596855549928,11,3,8,0.7857142857142857,14,-0.02710305783872613,44.690265486725664,11.725663716814159,8.027103057838726,-0.02710305783872613,0.487
669364,2025,Xavier Edwards,MIA,28.3,1.75,12.175104023684563,0.3826873160538913,27,7,20,0.7941176470588235,34,-0.03530237157333005,44.24778761061947,67.92035398230088,20.03530237157333,-0.03530237157333005,0.705
677594,2026,Julio Rodríguez,,28.9,,13.171258434742487,1.8112185900681617,12,3,9,0.8,15,-0.0436494950206221,44.02654867256637,89.82300884955751,9.043649495020622,-0.0436494950206221,0.825
805367,2025,Chase Meidroth,CWS,27.0,1.85,10.501928183734803,-2.2273050603012923,14,4,10,0.7777777777777778,18,-0.07510646528992027,43.80530973451327,3.982300884955752,10.07510646528992,-0.07510646528992027,0.644
664983,2026,Jake McCarthy,COL,29.9,1.73,11.726369712465797,1.0869579727187215,17,4,13,0.8095238095238095,21,-0.13838214400639437,43.584070796460175,81.19469026548673,13.138382144006394,-0.13838214400639437,-0.363
656716,2025,Zach McKinstry,DET,28.3,1.76,10.632024103231208,-1.1603926043994637,19,5,14,0.7916666666666666,24,-0.14256637993411658,43.36283185840708,18.141592920353983,14.142566379934117,-0.14256637993411658,0.98
683083,2024,Nasim Nuñez,WSH,29.5,1.68,11.169459695868657,0.2417967141506807,8,2,6,0.8,10,-0.1654633350549437,43.141592920353986,63.05309734513275,6.165463335054944,-0.1654633350549437,-0.163
691718,2026,Pete Crow-Armstrong,CHC,29.6,1.67,12.313293272465659,1.4576931012404106,25,6,19,0.8064516129032258,31,-0.18339090238606204,42.92035398230089,87.83185840707965,19.183390902386062,-0.18339090238606204,1.863
678882,2025,Ceddanne Rafaela,BOS,29.1,1.75,11.452751312071054,0.2368370883821811,20,5,15,0.8,25,-0.18638555145759383,42.69911504424779,62.38938053097345,15.186385551457594,-0.18638555145759383,2.214
665750,2024,Leody Taveras,TEX,28.5,1.75,10.493215399860533,-1.1550756867846896,23,6,17,0.7931034482758621,29,-0.22075259173799466,42.47787610619469,18.36283185840708,17.220752591737995,-0.22075259173799466,2.361
680776,2025,Jarren Duran,BOS,29.1,1.71,11.975001619840807,0.7590873961519335,24,6,18,0.8,30,-0.22366266174910976,42.256637168141594,74.33628318584071,18.22366266174911,-0.22366266174910976,1.863
650859,2024,Luis Rengifo,LAA,26.9,1.82,11.083893676899942,-1.7174023776288774,24,7,17,0.7741935483870968,31,-0.28111768206135324,42.0353982300885,7.52212389380531,17.281117682061353,-0.28111768206135324,2.373
665487,2024,Fernando Tatis Jr.,SD,28.4,1.79,11.772552011842283,0.05219811470433555,11,3,8,0.7857142857142857,14,-0.2816485783600733,41.8141592920354,56.63716814159292,8.281648578360073,-0.2816485783600733,0.691
457705,2023,Andrew McCutchen,PIT,28.4,1.81,13.58778145606244,1.8674275589244935,11,3,8,0.7857142857142857,14,-0.2816485783600733,41.8141592920354,90.48672566371681,8.281648578360073,-0.2816485783600733,0.986
657041,2023,Lane Thomas,WSH,29.3,1.79,10.674323105907684,-0.39746549679574095,20,5,15,0.8,25,-0.3000219445474759,41.3716814159292,42.256637168141594,15.300021944547476,-0.3000219445474759,1.884
664983,2024,Jake McCarthy,AZ,29.8,1.72,10.295800924056879,-0.4156736261829206,25,6,19,0.8064516129032258,31,-0.32430002981751826,41.150442477876105,40.48672566371682,19.32430002981752,-0.32430002981751826,1.653
673357,2024,Luis Robert Jr.,CWS,28.8,1.77,10.509500142047578,-0.9226025131194682,23,6,17,0.7931034482758621,29,-0.4184799157143999,40.929203539823014,23.672566371681416,17.4184799157144,-0.4184799157143999,1.032
676694,2024,Jake Meyers,HOU,28.9,1.75,10.848998639333722,-0.5110412053406037,11,3,8,0.7857142857142857,14,-0.4407395286859135,40.707964601769916,36.94690265486726,8.440739528685913,-0.4407395286859135,-0.161
682829,2023,Elly De La Cruz,CIN,30.5,1.6949999999999998,9.518024491993001,-0.689010384797724,35,8,27,0.813953488372093,43,-0.4887653213092804,40.48672566371682,31.858407079646017,27.48876532130928,-0.4887653213092804,4.104
666969,2025,Adolis García,TEX,27.0,1.81,9.854292558202125,-2.8749406858339697,13,4,9,0.7647058823529411,17,-0.5153783283293691,40.26548672566372,1.1061946902654867,9.51537832832937,-0.5153783283293691,1.23
696285,2026,Jacob Young,,29.3,,10.697104472255864,-0.37468413044756055,11,3,8,0.7857142857142857,14,-0.5680122889465871,40.04424778761062,42.69911504424779,8.568012288946587,-0.5680122889465871,0.1
667472,2025,Dane Myers,MIA,28.4,1.78,11.033024491993,-0.687329405144947,18,5,13,0.782608695652174,23,-0.605565521591549,39.823008849557525,32.07964601769911,13.605565521591549,-0.605565521591549,-0.632
808982,2025,Jung Hoo Lee,SF,28.2,1.79,11.683604898398599,-0.18087461972479701,10,3,7,0.7692307692307693,13,-0.6310113269276112,39.60176991150443,48.23008849557522,7.631011326927611,-0.6310113269276112,-0.227
686475,2026,Tyler Tolbert,,29.5,,10.581660855629366,-0.34600212608861014,11,3,8,0.7857142857142857,14,-0.6316486690769203,39.38053097345133,43.36283185840708,8.63164866907692,-0.6316486690769203,1.284
650333,2024,Luis Arraez,MIA,26.7,1.77,10.711438568160409,-2.233983107353863,9,3,6,0.75,12,-0.6349194405018963,39.15929203539823,3.761061946902655,6.634919440501896,-0.6349194405018963,-0.359
677951,2025,Bobby Witt Jr.,KC,30.2,1.74,10.78309576307154,0.3598724548026375,38,9,29,0.8085106382978723,47,-0.7254051412896914,38.93805309734513,67.47787610619469,29.72540514128969,-0.7254051412896914,3.576
691023,2025,Jordan Walker,STL,28.7,1.77,14.610268335351904,3.10610286969213,10,3,7,0.7692307692307693,13,-0.7787386379444641,38.716814159292035,98.23008849557522,7.778738637944464,-0.7787386379444641,1.993
596115,2023,Trevor Story,BOS,28.8,1.77,12.10317615394967,0.6710734987826239,10,3,7,0.7692307692307693,13,-0.8082841001478354,38.49557522123894,73.45132743362832,7.808284100147835,-0.8082841001478354,0.237
683002,2023,Gunnar Henderson,BAL,28.8,1.74,9.729523617278966,-1.7025790378880803,10,3,7,0.7692307692307693,13,-0.8082841001478354,38.49557522123894,8.4070796460177,7.808284100147835,-0.8082841001478354,1.032
682668,2026,Luisangel Acuña,,29.8,,10.633288528976387,-0.0781860212634129,15,4,11,0.7894736842105263,19,-0.8439258247268668,38.05309734513274,51.54867256637168,11.843925824726867,-0.8439258247268668,1.438
682622,2025,Noelvi Marte,CIN,29.0,1.83,10.687546987843717,-0.6004300463378804,10,3,7,0.7692307692307693,13,-0.8673750245545744,37.83185840707964,34.73451327433628,7.867375024554574,-0.8673750245545744,0.635
665750,2026,Leody Taveras,,29.0,,11.025817857623469,-0.2621591765581286,10,3,7,0.7692307692307693,13,-0.8673750245545744,37.83185840707964,46.23893805309734,7.867375024554574,-0.8673750245545744,0.296
694671,2025,Wyatt Langford,TEX,28.9,1.76,11.385272507064997,0.025232662390671123,22,6,16,0.7857142857142857,28,-0.881479057371827,37.389380530973455,55.97345132743363,16.881479057371827,-0.881479057371827,0.401
665750,2023,Leody Taveras,TEX,29.1,1.755,13.371152379670749,2.155238155981875,14,4,10,0.7777777777777778,18,-0.9341975970494669,37.16814159292036,92.47787610619469,10.934197597049467,-0.9341975970494669,0.576
668227,2026,Randy Arozarena,SEA,26.9,1.8,11.979241583976087,-0.8220544705527324,19,6,13,0.76,25,-0.9363852274688345,36.94690265486726,26.991150442477874,13.936385227468834,-0.9363852274688345,2.494
682177,2025,Daniel Schneemann,CLE,27.9,1.73,14.018786704346656,1.9381187547450835,9,3,6,0.75,12,-0.9621922526007705,36.72566371681416,91.1504424778761,6.9621922526007705,-0.9621922526007705,0.881
500743,2023,Miguel Rojas,LAD,26.4,1.86,13.397049387700173,0.23543928070772857,8,3,5,0.7272727272727273,11,-1.0070094676874115,36.50442477876106,62.16814159292036,6.0070094676874115,-1.0070094676874115,0.238
660271,2023,Shohei Ohtani,LAA,27.8,1.74,13.790349885614319,1.6376191255200219,20,6,14,0.7692307692307693,26,-1.0256589562282556,36.283185840707965,88.93805309734513,15.025658956228256,-1.0256589562282556,2.66
677942,2026,Blaze Alexander,,28.3,,10.160017494280716,-1.6323992133499559,9,3,6,0.75,12,-1.0712831899670583,36.06194690265487,9.734513274336283,7.071283189967058,-1.0712831899670583,0.687
682829,2024,Elly De La Cruz,CIN,30.0,1.72,9.653379886623604,-0.9139690426307467,67,16,51,0.8072289156626506,83,-1.1165277436020915,35.84070796460177,24.11504424778761,52.11652774360209,-1.1165277436020915,6.107
666160,2025,Mickey Moniak,COL,28.5,1.74,10.209091643116674,-1.4391994435285493,9,3,6,0.75,12,-1.1258286586502049,35.61946902654867,12.389380530973451,7.125828658650205,-1.1258286586502049,-0.024
666152,2026,David Hamilton,MIL,29.4,1.68,10.71255164177096,-0.2871741504397409,18,5,13,0.782608695652174,23,-1.1282929298050277,35.39823008849557,45.79646017699115,14.128292929805028,-1.1282929298050277,1.231
666152,2025,David Hamilton,BOS,29.3,1.71,10.835911862822174,-0.23587673988125069,22,6,16,0.7857142857142857,28,-1.1360245778931741,35.176991150442475,46.68141592920354,17.136024577893174,-1.1360245778931741,0.656
660271,2025,Shohei Ohtani,LAD,28.0,1.72,11.463224942195469,-0.5453801969133796,20,6,14,0.7692307692307693,26,-1.143840805041739,34.95575221238938,35.84070796460177,15.143840805041739,-1.143840805041739,1.941
671732,2025,Lawrence Butler,ATH,26.9,1.75,11.428016417709594,-1.373279636819225,22,7,15,0.7586206896551724,29,-1.1662068638638488,34.73451327433628,13.716814159292035,16.16620686386385,-1.1662068638638488,1.001
682622,2024,Noelvi Marte,CIN,28.8,1.82,12.582201049656842,1.1500983944897953,9,3,6,0.75,12,-1.2076468616749247,34.51327433628318,82.52212389380531,7.207646861674925,-1.2076468616749247,-0.414
665750,2025,Leody Taveras,TEX,28.8,1.71,11.016056609698111,-0.416046045468935,9,3,6,0.75,12,-1.2076468616749247,34.51327433628318,40.26548672566372,7.207646861674925,-1.2076468616749247,-0.017
650333,2025,Luis Arraez,SD,26.5,1.79,10.778650585385547,-2.3108967111141734,11,4,7,0.7333333333333333,15,-1.2254674647734376,34.070796460176986,2.8761061946902653,8.225467464773438,-1.2254674647734376,0.032
624428,2023,Adam Frazier,BAL,26.5,1.79,13.417821962050867,0.32827466555114704,11,4,7,0.7333333333333333,15,-1.2254674647734376,34.070796460176986,66.5929203539823,8.225467464773438,-1.2254674647734376,-0.026
691016,2025,Tyler Soderstrom,ATH,27.4,1.76,11.443895692220277,-0.9970863098449207,8,3,5,0.7272727272727273,11,-1.2570095324851644,33.6283185840708,22.787610619469024,6.2570095324851644,-1.2570095324851644,0.885
677800,2024,Wilyer Abreu,BOS,27.5,1.78,10.369199636657246,-1.9997195549152238,8,3,5,0.7272727272727273,11,-1.282009538964937,33.4070796460177,5.3097345132743365,6.282009538964937,-1.282009538964937,0.491
514888,2024,Jose Altuve,HOU,27.1,1.76,13.011528618848965,0.3543581853055944,22,7,15,0.7586206896551724,29,-1.2980250798481165,33.1858407079646,67.2566371681416,16.298025079848117,-1.2980250798481165,2.1
807713,2025,Matt Shaw,CHC,29.0,1.78,11.05757739833923,-0.23039963584236745,17,5,12,0.7727272727272727,22,-1.3140192723231259,32.9646017699115,47.123893805309734,13.314019272323126,-1.3140192723231259,-0.331
642715,2025,Willy Adames,SF,28.0,1.82,11.256742544227404,-0.7518625948814446,12,4,8,0.75,16,-1.3192866492564548,32.743362831858406,29.20353982300885,9.319286649256455,-1.3192866492564548,0.84
641355,2023,Cody Bellinger,CHC,28.3,1.74,10.915877711307665,-0.8765389963230064,20,6,14,0.7692307692307693,26,-1.3211135782619596,32.52212389380531,25.221238938053098,15.32111357826196,-1.3211135782619596,1.119
676694,2025,Jake Meyers,HOU,28.2,1.76,10.371103317184765,-1.4933762009386307,16,5,11,0.7619047619047619,21,-1.327018297344603,32.30088495575221,11.283185840707963,12.327018297344603,-1.327018297344603,0.129
665742,2026,Juan Soto,,25.9,,13.684497375857893,0.16257321640182276,7,3,4,0.7,10,-1.34728130480776,32.07964601769911,59.73451327433629,5.34728130480776,-1.34728130480776,-0.316
672761,2025,Wenceel Pérez,DET,27.8,1.78,10.499591671953398,-1.6531390881408985,8,3,5,0.7272727272727273,11,-1.3570095584042612,31.858407079646017,9.513274336283185,6.357009558404261,-1.3570095584042612,-0.349
657656,2024,Ramón Laureano,ATL,27.8,1.78,14.945910711882654,2.793179951788357,8,3,5,0.7272727272727273,11,-1.3570095584042612,31.858407079646017,97.34513274336283,6.357009558404261,-1.3570095584042612,0.486
677587,2026,Brayan Rocchio,CLE,27.4,1.81,12.264041489394739,-0.17694051267045907,15,5,10,0.75,20,-1.3763809681548445,31.41592920353982,48.451327433628315,11.376380968154844,-1.3763809681548445,-1.115
671277,2025,Luis García Jr.,WSH,26.5,1.8,12.690982608626816,-0.3985646878729039,14,5,9,0.7368421052631579,19,-1.4189254553796875,31.194690265486724,41.8141592920354,10.418925455379688,-1.4189254553796875,0.78
669016,2026,Brandon Marsh,,28.1,,10.664009330283047,-1.272532998333073,8,3,5,0.7272727272727273,11,-1.432009577843588,30.973451327433626,14.601769911504425,6.432009577843588,-1.432009577843588,1.146
671739,2025,Michael Harris II,ATL,28.5,1.72,11.601396722866243,-0.046894363778980264,20,6,14,0.7692307692307693,26,-1.439295427075443,30.752212389380528,52.876106194690266,15.439295427075443,-1.439295427075443,1.546
592663,2023,J.T. Realmuto,PHI,28.6,1.8,12.027721538150988,0.45149326199849327,16,5,11,0.7619047619047619,21,-1.5179274377356116,30.53097345132743,69.02654867256636,12.517927437735612,-1.5179274377356116,0.557
543760,2024,Marcus Semien,TEX,28.5,1.77,11.263117346252185,-0.38517374039303753,8,3,5,0.7272727272727273,11,-1.5320096037626882,30.30973451327434,42.47787610619469,6.532009603762688,-1.5320096037626882,-0.37
672580,2023,Maikel Garcia,KC,28.2,1.77,12.372211546225271,0.5077320281018753,23,7,16,0.7666666666666667,30,-1.61002613906372,30.08849557522124,70.57522123893806,17.61002613906372,-1.61002613906372,0.808
807712,2026,Luke Keaschall,MIN,28.8,1.78,10.928673022576938,-0.5034296325901089,12,4,8,0.75,16,-1.6101958155665663,29.867256637168143,37.16814159292036,9.610195815566566,-1.6101958155665663,1.291
664059,2025,Sam Haggerty,TEX,28.9,1.75,13.88865149115452,2.5286116464801935,12,4,8,0.75,16,-1.6465594613553307,29.646017699115045,95.79646017699115,9.64655946135533,-1.6465594613553307,1.273
702332,2026,Caleb Durbin,,28.0,,13.303336249046785,1.2947311099379366,11,4,7,0.7333333333333333,15,-1.7368312336779255,29.424778761061948,85.61946902654867,8.736831233677925,-1.7368312336779255,-0.261
676475,2024,Alec Burleson,STL,25.5,1.88,13.95380736105504,0.14363195962807218,9,4,5,0.6923076923076923,13,-1.8332838474366078,29.20353982300885,59.29203539823009,6.833283847436608,-1.8332838474366078,0.496
668885,2025,Austin Martin,MIN,28.3,1.78,12.309969048580271,0.5175523409495995,11,4,7,0.7333333333333333,15,-1.8391039874588238,28.98230088495575,71.23893805309734,8.839103987458824,-1.8391039874588238,0.572
664702,2023,Myles Straw,CLE,29.2,1.76,13.33571757135342,2.1918661581572714,20,6,14,0.7692307692307693,26,-1.852931897922634,28.761061946902654,93.14159292035397,15.852931897922634,-1.852931897922634,0.66
666971,2025,Lourdes Gurriel Jr.,AZ,27.1,1.86,11.744253434628888,-0.9129169989144827,10,4,6,0.7142857142857143,14,-1.8680121075128842,28.539823008849556,24.336283185840706,7.868012107512884,-1.8680121075128842,0.633
668885,2024,Austin Martin,MIN,28.3,1.78,12.271133091104831,0.47871638347415946,7,3,4,0.7,10,-1.8927359916392152,28.31858407079646,69.46902654867256,5.892735991639215,-1.8927359916392152,0.279
643396,2023,Isiah Kiner-Falefa,NYY,27.7,1.82,10.986884513999383,-1.2379090565876378,14,5,9,0.7368421052631579,19,-1.937107407869572,28.097345132743364,16.150442477876105,10.937107407869572,-1.937107407869572,-0.341
702332,2025,Caleb Durbin,MIL,28.1,1.79,12.882157179383663,0.9456148507675426,18,6,12,0.75,24,-2.0334754425678288,27.876106194690266,78.09734513274337,14.033475442567829,-2.0334754425678288,0.513
686894,2023,Joey Wiemer,MIL,28.9,1.79,12.340227943231575,0.9801880985572495,11,4,7,0.7333333333333333,15,-2.043649495020622,27.654867256637168,79.42477876106194,9.043649495020622,-2.043649495020622,0.13
686217,2025,Sal Frelick,MIL,28.9,1.69,9.280886633216062,-2.079153211458264,19,6,13,0.76,25,-2.0727491583677047,27.43362831858407,4.646017699115045,15.072749158367705,-2.0727491583677047,1.045
677594,2023,Julio Rodríguez,SEA,29.6,1.77,11.11896358207218,0.2633634108469316,37,10,27,0.7872340425531915,47,-2.08449588426274,27.212389380530972,64.60176991150442,29.08449588426274,-2.08449588426274,3.641
545121,2024,Ildemaro Vargas,WSH,26.7,1.82,10.952448302157627,-1.9929733733566444,9,4,5,0.6923076923076923,13,-2.1878293938770543,26.991150442477874,5.530973451327434,7.187829393877054,-2.1878293938770543,-0.108
665161,2024,Jeremy Peña,HOU,29.8,1.74,10.402623843059853,-0.3088507071799462,20,6,14,0.7692307692307693,26,-2.2074774443630787,26.769911504424783,45.35398230088495,16.20747744436308,-2.2074774443630787,1.82
650489,2025,Willi Castro,MIN,28.2,1.79,10.28606544310218,-1.5784140750212163,10,4,6,0.7142857142857143,14,-2.2180121982297365,26.548672566371685,10.398230088495575,8.218012198229736,-2.2180121982297365,0.558
669003,2024,Garrett Mitchell,MIL,29.5,1.68,10.37614510640752,-0.5515178753104557,11,4,7,0.7333333333333333,15,-2.248195002582415,26.327433628318587,35.61946902654867,9.248195002582415,-2.248195002582415,0.369
656537,2026,Derek Hill,CWS,29.7,1.77,10.018441042203657,-0.7650963185288671,11,4,7,0.7333333333333333,15,-2.316376838436348,26.10619469026549,28.539823008849556,9.316376838436348,-2.316376838436348,0.643
671277,2023,Luis García Jr.,WSH,27.2,1.79,11.500637483899494,-1.0844701391511524,9,4,5,0.6923076923076923,13,-2.335556704893907,25.88495575221239,20.575221238938052,7.335556704893907,-2.335556704893907,-0.356
663968,2026,Jake Mangum,,29.4,,11.927249937520426,0.9275241453097252,19,6,13,0.76,25,-2.3568401410924196,25.663716814159294,77.43362831858407,15.35684014109242,-2.3568401410924196,-0.258
665742,2023,Juan Soto,SD,26.8,1.8,15.385515273852779,2.5121564088312347,12,5,7,0.7058823529411765,17,-2.4381055810282444,25.442477876106196,95.35398230088495,9.438105581028244,-2.4381055810282444,-1.054
676356,2026,Jonny DeLuca,,29.0,,10.879462910629645,-0.40851412355195293,10,4,6,0.7142857142857143,14,-2.47255771875108,25.221238938053098,41.3716814159292,8.47255771875108,-2.47255771875108,-0.615
680574,2023,Matt McLain,CIN,29.0,1.76,11.414249136500246,0.12627210231864794,14,5,9,0.7368421052631579,19,-2.4984711897336087,25.0,58.62831858407079,11.498471189733609,-2.4984711897336087,-0.348
691023,2026,Jordan Walker,STL,29.1,1.76,14.10178959245572,2.885875368766847,14,5,9,0.7368421052631579,19,-2.5416530191077698,24.778761061946902,97.78761061946902,11.54165301910777,-2.5416530191077698,1.038
680757,2024,Steven Kwan,CLE,27.1,1.73,11.542534289825367,-1.1146361437180037,12,5,7,0.7058823529411765,17,-2.5540147019799306,24.557522123893804,19.690265486725664,9.55401470197993,-2.5540147019799306,0.832
592450,2025,Aaron Judge,NYY,27.1,1.8,12.88377001749428,0.22659958395090918,12,5,7,0.7058823529411765,17,-2.5540147019799306,24.557522123893804,61.504424778761056,9.55401470197993,-2.5540147019799306,0.436
803011,2026,Sam Antonacci,CWS,28.2,1.74,11.059341497331,-0.8051380207923966,13,5,8,0.7222222222222222,18,-2.5660156834382306,24.11504424778761,27.654867256637168,10.56601568343823,-2.5660156834382306,1.238
656305,2025,Matt Chapman,SF,28.1,1.81,14.218525994706857,2.2819836660907367,9,4,5,0.6923076923076923,13,-2.601465864724241,23.893805309734514,94.02654867256636,7.601465864724241,-2.601465864724241,-0.647
703607,2026,Henry Bolte,,30.6,,11.729162862436983,1.5941907961389816,11,4,7,0.7333333333333333,15,-2.6231950997790445,23.672566371681416,88.71681415929203,9.623195099779045,-2.6231950997790445,0.835
681297,2024,Colton Cowser,BAL,28.2,1.74,10.595758309783339,-1.2687212083400574,9,4,5,0.6923076923076923,13,-2.631011326927611,23.451327433628318,14.823008849557523,7.631011326927611,-2.631011326927611,0.043
802415,2025,Chandler Simpson,TB,29.6,1.67,10.336323743659054,-0.5192764275661936,44,12,32,0.7857142857142857,56,-2.653867436568376,23.23008849557522,36.72566371681416,34.653867436568376,-2.653867436568376,4.337
677587,2025,Brayan Rocchio,CLE,27.0,1.835,9.547636477818148,-3.1815967662179467,8,4,4,0.6666666666666666,12,-2.7167376435266135,23.008849557522122,0.22123893805309736,6.7167376435266135,-2.7167376435266135,0.483
592626,2024,Joc Pederson,AZ,25.5,1.83,12.544081281119634,-1.2660941203073328,7,4,3,0.6363636363636364,11,-2.7820094093694365,22.787610619469024,15.265486725663715,5.7820094093694365,-2.7820094093694365,0.348
666969,2024,Adolis García,TEX,26.8,1.83,9.975366340025202,-2.897992524996342,11,5,6,0.6875,16,-2.8829228997912892,22.566371681415927,0.8849557522123894,8.88292289979129,-2.8829228997912892,-1.505
642708,2024,Amed Rosario,TB,29.0,1.83,11.164311460306616,-0.12366557387498212,13,5,8,0.7222222222222222,18,-2.893288495537103,22.345132743362832,50.22123893805309,10.893288495537103,-2.893288495537103,0.172
592885,2025,Christian Yelich,MIL,28.2,1.74,13.666224444375434,1.801744926252038,16,6,10,0.7272727272727273,22,-2.9140191686467283,22.123893805309734,89.60176991150442,12.914019168646728,-2.9140191686467283,-0.024
678009,2024,Parker Meadows,DET,29.3,1.72,10.323519164189328,-0.7482694385140967,9,4,5,0.6923076923076923,13,-2.9560114111646874,21.902654867256636,29.424778761061948,7.956011411164687,-2.9560114111646874,0.434
673548,2024,Seiya Suzuki,CHC,28.3,1.79,11.512333916476024,-0.28008279115464774,16,6,10,0.7272727272727273,22,-2.9640191816062735,21.68141592920354,46.017699115044245,12.964019181606274,-2.9640191816062735,0.377
682829,2026,Elly De La Cruz,CIN,28.3,1.765,9.147237456393693,-2.6451792512369785,16,6,10,0.7272727272727273,22,-2.9640191816062735,21.68141592920354,1.5486725663716814,12.964019181606274,-2.9640191816062735,-0.918
686797,2026,Brooks Lee,,26.4,,13.598245189072804,0.4366350820803593,7,4,3,0.6363636363636364,11,-3.0070094676874115,21.238938053097346,68.58407079646017,6.0070094676874115,-3.0070094676874115,0.292
694192,2024,Jackson Chourio,MIL,29.7,1.75,9.960579593126326,-0.8229577676061979,22,7,15,0.7586206896551724,29,-3.0116618876436085,21.01769911504425,26.769911504424783,18.01166188764361,-3.0116618876436085,1.523
676609,2026,José Caballero,NYY,28.0,1.79,11.322170695031975,-0.6864344440768733,23,8,15,0.7419354838709677,31,-3.0561178829343802,20.79646017699115,32.30088495575221,18.05611788293438,-3.0561178829343802,-1.825
656716,2023,Zach McKinstry,DET,28.5,1.78,10.91363746467501,-0.7346536219702138,16,6,10,0.7272727272727273,22,-3.0640192075253765,20.575221238938052,29.867256637168143,13.064019207525376,-3.0640192075253765,2.071
683002,2026,Gunnar Henderson,,28.3,,12.136661476055904,0.34424476842523255,8,4,4,0.6666666666666666,12,-3.0712831899670583,20.353982300884958,67.03539823008849,7.071283189967058,-3.0712831899670583,-0.599
694192,2025,Jackson Chourio,MIL,29.2,1.76,11.065739836801605,-0.07811157639454436,21,7,14,0.75,28,-3.072388197762834,20.13274336283186,51.76991150442478,17.072388197762834,-3.072388197762834,0.87
687363,2026,Victor Scott II,STL,29.7,1.68,11.077875484762847,0.29433812403032356,9,4,5,0.6923076923076923,13,-3.07419325997817,19.911504424778762,65.929203539823,8.07419325997817,-3.07419325997817,0.434
665742,2024,Juan Soto,NYY,26.8,1.79,14.210970259722782,1.3376113947012378,7,4,3,0.6363636363636364,11,-3.107009493606512,19.690265486725664,86.06194690265487,6.107009493606512,-3.107009493606512,-0.223
666160,2024,Mickey Moniak,LAA,28.6,1.74,9.866844898996696,-1.709383377155799,8,4,4,0.6666666666666666,12,-3.153101392991778,19.469026548672566,7.964601769911504,7.153101392991778,-3.153101392991778,0.04
547180,2024,Bryce Harper,PHI,27.4,1.79,12.103271430493876,-0.33771057157132134,7,4,3,0.6363636363636364,11,-3.2570095324851644,19.24778761061947,44.02654867256637,6.2570095324851644,-3.2570095324851644,-1.007
687401,2026,Joey Ortiz,,29.0,,10.629525561087934,-0.6584514730936633,8,4,4,0.6666666666666666,12,-3.2621923303580687,19.02654867256637,32.9646017699115,7.262192330358069,-3.2621923303580687,-0.605
677649,2023,Ezequiel Duran,TEX,29.1,1.78,10.196057302944666,-1.019856920744207,8,4,4,0.6666666666666666,12,-3.2894650646996446,18.805309734513273,22.123893805309734,7.289465064699645,-3.2894650646996446,-0.219
668930,2025,Brice Turang,MIL,28.9,1.72,11.380496376184709,0.020456531510383513,24,8,16,0.75,32,-3.2931189227106614,18.58407079646018,55.530973451327434,19.29311892271066,-3.2931189227106614,1.007
678662,2023,Ezequiel Tovar,COL,28.1,1.8,11.776463848357267,-0.16007848025885352,11,5,6,0.6875,16,-3.355650295045219,18.36283185840708,49.557522123893804,9.35565029504522,-3.355650295045219,0.181
657656,2025,Ramón Laureano,SD,27.8,1.79,14.453533396133317,2.3008026360390197,7,4,3,0.6363636363636364,11,-3.357009558404261,18.141592920353983,94.24778761061947,6.357009558404261,-3.357009558404261,-0.814
650402,2023,Gleyber Torres,NYY,26.4,1.87,15.9260885479747,2.7644784409822556,13,6,7,0.6842105263157895,19,-3.37574362600553,17.920353982300885,97.12389380530973,10.37574362600553,-3.37574362600553,-0.084
661388,2025,William Contreras,MIL,26.2,1.84,13.25704981063883,-0.04868591733906413,6,4,2,0.6,10,-3.4154631406616938,17.699115044247787,52.654867256637175,5.415463140661694,-3.4154631406616938,-0.555
687263,2025,Zach Neto,LAA,28.1,1.83,12.939861345064246,1.0033190164481258,26,9,17,0.7428571428571429,35,-3.4654850204114176,17.47787610619469,79.86725663716814,20.465485020411418,-3.4654850204114176,-0.386
672640,2025,Otto Lopez,MIA,28.5,1.79,9.98966270076864,-1.6586283858765825,15,6,9,0.7142857142857143,21,-3.470200152637858,17.25663716814159,9.29203539823009,12.470200152637858,-3.470200152637858,1.175
687263,2024,Zach Neto,LAA,28.2,1.82,13.12642357306265,1.2619440549392547,30,10,20,0.75,40,-3.480034852084959,17.035398230088493,84.2920353982301,23.48003485208496,-3.480034852084959,2.69
677950,2025,Alek Thomas,AZ,28.3,1.75,11.052527699277798,-0.7398890083528737,7,4,3,0.6363636363636364,11,-3.4820095908031368,16.8141592920354,29.646017699115045,6.482009590803137,-3.4820095908031368,-0.122
691023,2023,Jordan Walker,STL,28.5,1.75,12.652924684878661,1.004633598233438,7,4,3,0.6363636363636364,11,-3.5320096037626882,16.5929203539823,80.08849557522124,6.532009603762688,-3.5320096037626882,0.078
683011,2026,Anthony Volpe,,28.5,,12.312058134840532,0.6637670481953091,7,4,3,0.6363636363636364,11,-3.5320096037626882,16.5929203539823,73.00884955752213,6.532009603762688,-3.5320096037626882,-1.061
621493,2024,Taylor Ward,LAA,26.8,1.83,9.749583165119095,-3.123775699902449,6,4,2,0.6,10,-3.5518268123695558,16.150442477876105,0.6637168141592921,5.551826812369556,-3.5518268123695558,-0.408
641355,2026,Cody Bellinger,,27.5,,11.722647288386488,-0.6462719031859816,10,5,5,0.6666666666666666,15,-3.566376644043096,15.929203539823009,33.6283185840708,8.566376644043096,-3.566376644043096,-1.253
691026,2024,Masyn Winn,STL,28.8,1.76,10.478039487090758,-0.9540631680762885,11,5,6,0.6875,16,-3.6101958155665663,15.70796460176991,23.451327433628318,9.610195815566566,-3.6101958155665663,-0.468
650859,2023,Luis Rengifo,LAA,27.4,1.795,10.046831853048042,-2.3941501490171557,6,4,2,0.6,10,-3.6881904840774222,15.486725663716813,2.433628318584071,5.688190484077422,-3.6881904840774222,-0.807
805300,2025,Jakob Marsee,MIA,28.1,1.73,13.181937828017762,1.245395499401642,14,6,8,0.7,20,-3.694562868806525,15.265486725663715,84.070796460177,11.694562868806525,-3.694562868806525,-0.517
696285,2024,Jacob Young,WSH,29.7,1.78,10.880481919372512,0.09694455863998819,33,10,23,0.7674418604651163,43,-3.7069469368508656,15.04424778761062,57.9646017699115,26.706946936850866,-3.7069469368508656,2.143
671218,2025,Heliot Ramos,SF,27.5,1.8,10.046341302950104,-2.322577888622366,6,4,2,0.6,10,-3.7109177626953977,14.823008849557523,2.6548672566371683,5.710917762695398,-3.7109177626953977,0.045
676356,2024,Jonny DeLuca,TB,29.8,1.74,9.790785117820793,-0.9206894324190067,16,6,10,0.7272727272727273,22,-3.714019375999529,14.601769911504425,23.893805309734514,13.714019375999529,-3.714019375999529,1.164
669004,2023,MJ Melendez,KC,27.6,1.79,10.615020409994168,-1.6818359710855777,6,4,2,0.6,10,-3.733645041313375,14.380530973451327,8.628318584070795,5.733645041313375,-3.733645041313375,-0.127
670764,2025,Taylor Walls,TB,28.2,1.76,12.149328488763288,0.28484897063989223,14,6,8,0.7,20,-3.7400174260424794,14.15929203539823,65.7079646017699,11.74001742604248,-3.7400174260424794,-0.077
671289,2026,Tyler Freeman,,27.7,,11.151151354364918,-1.0736422162221029,6,4,2,0.6,10,-3.7563723199313532,13.938053097345133,20.79646017699115,5.756372319931353,-3.7563723199313532,-1.002
680700,2026,Richie Palacios,TB,27.0,1.74,10.781499125285965,-1.9477341187501302,9,5,4,0.6428571428571429,14,-3.8361939174477158,13.716814159292035,6.415929203539823,7.836193917447716,-3.8361939174477158,-0.41
650489,2026,Willi Castro,,28.2,,11.62642982102005,-0.2380496971033459,6,4,2,0.6,10,-3.8700087130212397,13.495575221238937,46.46017699115044,5.87000871302124,-3.8700087130212397,0.938
695734,2026,Daylen Lile,,29.3,,9.537019243708787,-1.5347693589946374,10,5,5,0.6666666666666666,15,-4.180013166728486,13.274336283185843,11.061946902654867,9.180013166728486,-4.180013166728486,-1.054
672761,2024,Wenceel Pérez,DET,28.2,1.78,10.116317319337908,-1.7481621987854883,9,5,4,0.6428571428571429,14,-4.2180121982297365,13.053097345132745,7.300884955752212,8.218012198229736,-4.2180121982297365,-0.67
686555,2025,Isaac Collins,MIL,27.7,1.76,10.998393631667751,-1.2263999389192701,16,7,9,0.6956521739130435,23,-4.239656335842113,12.831858407079647,16.5929203539823,13.239656335842113,-4.239656335842113,-0.455
691026,2025,Masyn Winn,STL,28.4,1.77,10.988802464151677,-0.7315514329862705,9,5,4,0.6428571428571429,14,-4.281648578360073,12.610619469026549,30.08849557522124,8.281648578360073,-4.281648578360073,0.674
656775,2026,Cedric Mullins,TB,27.9,1.72,11.40304296968003,-0.6776249799215428,16,7,9,0.6956521739130435,23,-4.3442018174848105,12.389380530973451,32.52212389380531,13.34420181748481,-4.3442018174848105,-0.462
662139,2023,Daulton Varsho,TOR,28.1,1.74,12.97968261855222,1.0431402899360993,16,7,9,0.6956521739130435,23,-4.448747299127502,12.168141592920353,80.53097345132744,13.448747299127502,-4.448747299127502,1.282
660670,2026,Ronald Acuña Jr.,ATL,27.3,1.77,13.371900702146018,0.8588558895880993,15,7,8,0.6818181818181818,22,-4.464019052010773,11.946902654867257,76.32743362831859,12.464019052010773,-4.464019052010773,0.333
678882,2026,Ceddanne Rafaela,,29.1,,11.449034824085288,0.2331206003964148,13,6,7,0.6842105263157895,19,-4.54165301910777,11.725663716814159,61.94690265486725,11.54165301910777,-4.54165301910777,-0.766
672580,2025,Maikel Garcia,KC,27.9,1.79,10.67153897912073,-1.4091289704808432,23,9,14,0.71875,32,-4.565846006935388,11.504424778761061,12.610619469026549,18.565846006935388,-4.565846006935388,-0.984
695578,2025,James Wood,WSH,27.8,1.75,10.536763558067555,-1.6159672020267415,15,7,8,0.6818181818181818,22,-4.714019116808522,11.283185840707963,9.955752212389381,12.714019116808522,-4.714019116808522,-0.158
666181,2024,Will Benson,CIN,28.8,1.73,10.044739027625583,-1.387363627541463,16,7,9,0.6956521739130435,23,-4.81465648487694,11.061946902654867,13.495575221238937,13.81465648487694,-4.81465648487694,-0.069
677587,2024,Brayan Rocchio,CLE,26.8,1.845,10.685964972989598,-2.1873938920319453,10,6,4,0.625,16,-4.882922899791289,10.84070796460177,4.20353982300885,8.88292289979129,-4.882922899791289,-1.124
514888,2025,Jose Altuve,HOU,26.9,1.8,12.079493627083453,-0.7218024274453665,10,6,4,0.625,16,-4.919286545580054,10.619469026548673,30.53097345132743,8.919286545580054,-4.919286545580054,-0.357
671289,2024,Tyler Freeman,CLE,28.2,1.79,10.771337027929679,-1.093142490193717,11,6,5,0.6470588235294118,17,-4.979014812136107,10.398230088495575,20.353982300884958,9.979014812136107,-4.979014812136107,-1.319
663647,2023,Ke'Bryan Hayes,PIT,27.1,1.84,14.637945479362514,1.9807750458191435,10,6,4,0.625,16,-4.992013837157582,10.176991150442479,91.3716814159292,8.992013837157582,-4.992013837157582,-0.471
687597,2025,Jordan Beck,COL,28.7,1.79,11.051322602727703,-0.4528428629320711,19,8,11,0.7037037037037037,27,-5.155841786500041,9.955752212389381,39.60176991150443,16.15584178650004,-5.155841786500041,1.323
687401,2024,Joey Ortiz,MIL,28.7,1.77,9.794133763961781,-1.710031701697993,11,6,5,0.6470588235294118,17,-5.172196680388915,9.734513274336283,7.7433628318584065,10.172196680388915,-5.172196680388915,-0.613
668885,2026,Austin Martin,MIN,27.7,1.79,10.827646794958058,-1.397146775628963,10,6,4,0.625,16,-5.210195711890165,9.513274336283185,13.274336283185843,9.210195711890165,-5.210195711890165,0.433
681624,2025,Andy Pages,LAD,28.1,1.82,12.41847440900731,0.4819320803911893,14,7,7,0.6666666666666666,21,-5.2792910122468495,9.29203539823009,69.91150442477876,12.27929101224685,-5.2792910122468495,-0.344
686555,2026,Isaac Collins,,27.5,,10.970136589960974,-1.3987826016114955,6,5,1,0.5454545454545454,11,-5.282009538964937,9.070796460176991,13.053097345132745,6.282009538964937,-5.282009538964937,-1.264
641857,2023,Ryan McMahon,COL,25.8,1.8,16.312960762827537,2.7189737928787423,5,5,0,0.5,10,-5.324554026189783,8.849557522123893,96.68141592920354,5.324554026189783,-5.324554026189783,0.289
691594,2025,Javier Sanoja,MIA,28.0,1.82,10.979446575158121,-1.0291585639507268,6,5,1,0.5454545454545454,11,-5.407009571363813,8.628318584070795,21.902654867256636,6.407009571363813,-5.407009571363813,-0.364
681624,2026,Andy Pages,,28.3,,11.472850325559248,-0.3195663820714234,10,6,4,0.625,16,-5.428377586622744,8.4070796460177,44.911504424778755,9.428377586622744,-5.428377586622744,-0.664
671739,2024,Michael Harris II,ATL,28.3,1.73,10.532784581109167,-1.2596321265215042,10,6,4,0.625,16,-5.428377586622744,8.4070796460177,15.486725663716813,9.428377586622744,-5.428377586622744,-0.157
678662,2024,Ezequiel Tovar,COL,28.1,1.81,11.538118691966087,-0.39842363665003333,6,5,1,0.5454545454545454,11,-5.432009577843588,7.964601769911504,42.0353982300885,6.432009577843588,-5.432009577843588,-0.421
669003,2026,Garrett Mitchell,MIL,29.8,1.7,11.163057798412057,0.45158324817225726,7,5,2,0.5833333333333334,12,-5.480374205090652,7.7433628318584065,69.24778761061947,7.480374205090652,-5.480374205090652,0.29
805999,2026,A.J. Ewing,,29.5,,10.573527116135109,-0.354135865582867,11,6,5,0.6470588235294118,17,-5.481287669593405,7.52212389380531,43.141592920353986,10.481287669593405,-5.481287669593405,-0.65
676391,2025,Ernie Clement,TOR,28.6,1.78,11.244800699771229,-0.33142757638126596,6,5,1,0.5454545454545454,11,-5.5570096102424635,7.300884955752212,44.24778761061947,6.5570096102424635,-5.5570096102424635,-1.268
680977,2024,Brendan Donovan,STL,27.0,1.79,11.471743148073386,-1.2574900959627087,5,5,0,0.5,10,-5.597281369605511,7.079646017699115,15.70796460176991,5.597281369605511,-5.597281369605511,-0.562
664056,2024,Harrison Bader,NYM,28.2,1.77,11.777292295467507,-0.08718722265588852,17,8,9,0.68,25,-5.675021782553099,6.8584070796460175,51.10619469026548,14.675021782553099,-5.675021782553099,-0.369
624428,2025,Adam Frazier,PIT,26.6,1.78,14.69660031261969,1.6791158266126978,8,6,2,0.5714285714285714,14,-5.708921157187044,6.637168141592921,89.15929203539822,7.708921157187044,-5.708921157187044,-0.671
665487,2026,Fernando Tatis Jr.,SD,28.9,1.8,10.70802099313686,-0.6520188515374663,25,10,15,0.7142857142857143,35,-6.1018488217147855,6.415929203539823,33.4070796460177,21.101848821714785,-6.1018488217147855,-0.27
695734,2025,Daylen Lile,WSH,29.1,1.72,9.278438779629736,-1.937475444059137,8,6,2,0.5714285714285714,14,-6.504375908816252,6.1946902654867255,6.637168141592921,8.504375908816252,-6.504375908816252,-2.473
650859,2025,Luis Rengifo,LAA,27.0,1.795,10.229701251513928,-2.499531992522167,10,7,3,0.5882352941176471,17,-6.515378328329369,5.9734513274336285,1.991150442477876,9.51537832832937,-6.515378328329369,-1.825
682928,2024,CJ Abrams,WSH,28.5,1.72,11.59387607657112,-0.0544150100741021,31,12,19,0.7209302325581395,43,-6.534219360163235,5.752212389380531,52.43362831858407,25.534219360163235,-6.534219360163235,3.049
664056,2025,Harrison Bader,PHI,28.8,1.77,10.398215045081413,-1.0338876100856336,11,7,4,0.6111111111111112,18,-6.811470292512388,5.530973451327434,21.68141592920354,10.811470292512388,-6.811470292512388,-1.807
677951,2023,Bobby Witt Jr.,KC,30.5,1.75,10.005750123357107,-0.20128475343361885,49,15,34,0.765625,64,-6.913511175902187,5.3097345132743365,47.78761061946903,40.91351117590219,-6.913511175902187,3.877
668227,2023,Randy Arozarena,TB,28.4,1.78,11.301425303266239,-0.41892859387170844,22,10,12,0.6875,32,-6.929482464823025,5.0884955752212395,40.04424778761062,18.929482464823025,-6.929482464823025,-0.11
672695,2026,Geraldo Perdomo,AZ,26.9,1.85,12.832575830978334,0.031279776449514074,16,9,7,0.64,25,-6.9363852274688345,4.867256637168142,56.19469026548673,13.936385227468834,-6.9363852274688345,0.077
671289,2025,Tyler Freeman,COL,28.5,1.77,11.059592840802045,-0.5886982458431778,18,9,9,0.6666666666666666,27,-7.033114481962961,4.646017699115045,34.95575221238938,16.03311448196296,-7.033114481962961,-1.176
695578,2024,James Wood,WSH,28.7,1.74,10.276663526667562,-1.2275019389922122,14,8,6,0.6363636363636364,22,-7.164019233444478,4.424778761061947,16.371681415929203,13.164019233444478,-7.164019233444478,0.315
663837,2023,Matt Vierling,DET,29.1,1.81,11.051195801372629,-0.16471842231624478,6,6,0,0.5,12,-7.289465064699645,4.20353982300885,48.89380530973451,7.289465064699645,-7.289465064699645,-0.879
641857,2024,Ryan McMahon,COL,25.9,1.79,21.579895034315705,8.057970874859635,4,6,-2,0.4,10,-7.34728130480776,3.982300884955752,100.0,5.34728130480776,-7.34728130480776,-0.057
676609,2024,José Caballero,TB,28.3,1.78,11.131217763423495,-0.6611989442071771,44,16,28,0.7333333333333333,60,-7.356415949835295,3.761061946902655,32.743362831858406,35.356415949835295,-7.356415949835295,0.085
669397,2025,Nick Allen,ATL,27.4,1.8,12.641557183228558,0.20057518116336048,8,7,1,0.5333333333333333,15,-7.5322857261161325,3.5398230088495577,60.84070796460177,8.532285726116132,-7.5322857261161325,-1.127
668227,2024,Randy Arozarena,TB,28.1,1.77,11.278227051189786,-0.6583152774263343,20,10,10,0.6666666666666666,30,-7.5418443032097855,3.3185840707964607,33.1858407079646,17.541844303209785,-7.5418443032097855,-0.664
805300,2026,Jakob Marsee,MIA,27.8,1.74,12.173506534628384,0.020775774534087077,19,10,9,0.6551724137931034,29,-7.759388835793054,3.0973451327433628,55.75221238938053,16.759388835793054,-7.759388835793054,-0.517
802415,2026,Chandler Simpson,TB,29.5,1.65,11.04859922397165,0.1209362422536735,26,11,15,0.7027027027027027,37,-7.812214339703292,2.8761061946902653,58.4070796460177,22.812214339703292,-7.812214339703292,1.086
657136,2024,Connor Wong,BOS,28.4,1.79,9.472803950187883,-2.2475499469500644,8,7,1,0.5333333333333333,15,-7.873194905385793,2.6548672566371683,3.5398230088495577,8.873194905385793,-7.873194905385793,-1.764
677942,2025,Blaze Alexander,AZ,28.8,1.78,10.655237967074866,-0.7768646880921803,4,6,-2,0.4,10,-8.006372384729104,2.433628318584071,28.31858407079646,6.006372384729104,-8.006372384729104,-1.909
650489,2024,Willi Castro,MIN,27.9,1.785,11.038588047070082,-1.0420799025314906,14,9,5,0.6086956521739131,23,-8.34420181748481,2.2123893805309733,21.238938053097346,13.34420181748481,-8.34420181748481,-1.867
678882,2024,Ceddanne Rafaela,BOS,28.8,1.77,10.548950869740745,-0.8831517854263016,19,10,9,0.6551724137931034,29,-8.4184799157144,1.991150442477876,25.0,17.4184799157144,-8.4184799157144,-0.436
677951,2024,Bobby Witt Jr.,KC,30.5,1.74,9.88105347693403,-0.32598139985669583,31,12,19,0.7209302325581395,43,-8.48876532130928,1.7699115044247788,44.469026548672566,27.48876532130928,-8.48876532130928,1.336
687263,2026,Zach Neto,LAA,27.8,1.87,12.172859167082255,0.020128406987957703,13,9,4,0.5909090909090909,22,-8.714019116808522,1.5486725663716814,55.309734513274336,12.714019116808522,-8.714019116808522,-0.12
673548,2023,Seiya Suzuki,CHC,28.5,1.79,10.860418394685654,-0.7878726919595689,6,7,-1,0.46153846153846156,13,-8.719647713537722,1.3274336283185841,28.097345132743364,7.7196477135377215,-8.719647713537722,-1.712
669743,2023,Alex Call,WSH,28.8,1.81,11.598773537053715,0.16667088188666845,9,8,1,0.5294117647058824,17,-9.210833054039476,1.1061946902654867,59.95575221238938,10.210833054039476,-9.210833054039476,-2.296
665161,2023,Jeremy Peña,HOU,29.4,1.76,10.395909971740007,-0.6038158204706932,13,9,4,0.5909090909090909,22,-9.51401932416133,0.8849557522123894,34.292035398230084,13.51401932416133,-9.51401932416133,-0.566
666176,2024,Jo Adell,LAA,28.8,1.76,10.583764794842711,-0.8483378603243352,15,10,5,0.6,25,-10.01593096182276,0.6637168141592921,26.10619469026549,15.01593096182276,-10.01593096182276,-1.486
657041,2024,Lane Thomas,WSH,29.3,1.79,10.358760933925447,-0.7130276687779773,32,14,18,0.6956521739130435,46,-10.152040377967356,0.4424778761061947,30.973451327433626,28.152040377967356,-10.152040377967356,-1.125
696285,2025,Jacob Young,WSH,29.3,1.8,10.616615317057276,-0.4551732856461488,15,11,4,0.5769230769230769,26,-11.912022822329375,0.22123893805309736,39.38053097345133,15.912022822329375,-11.912022822329375,-1.237
